Title,Rating,Price/night (SGD),Total Price (SGD),Link
Serviced apartment in Phayathai,4.83,$80,$501,https://www.airbnb.com.sg/rooms/33980217?adults=3&search_mode=regular_search&check_in=2024-10-04&check_out=2024-10-10&source_impression_id=p3_1721729942_P3mDmJqyz4xwBkS6&previous_page_section_name=1000&federated_search_id=30cbdd8d-5d5f-4df9-8853-7654de192e2d
Room in Khet Ratchathewi,New,$62,$390,https://www.airbnb.com.sg/rooms/1196245773958833380?adults=3&category_tag=Tag%3A8678&enable_m3_private_room=true&photo_id=1947872539&search_mode=regular_search&check_in=2024-10-04&check_out=2024-10-10&source_impression_id=p3_1721729942_P343iJSTSpXNQy4z&previous_page_section_name=1000&federated_search_id=30cbdd8d-5d5f-4df9-8853-7654de192e2d
Townhouse in Khet Phra Nakhon,4.66,$50,$309,https://www.airbnb.com.sg/rooms/34872742?adults=3&search_mode=regular_search&check_in=2024-10-04&check_out=2024-10-10&source_impression_id=p3_1721729942_P36sNTPM3Groy_Bk&previous_page_section_name=1000&federated_search_id=30cbdd8d-5d5f-4df9-8853-7654de192e2d
Room in Khet Pom Prap Sattru Phai,New,$69,$486,https://www.airbnb.com.sg/rooms/1202542163338874508?adults=3&category_tag=Tag%3A8678&enable_m3_private_room=true&photo_id=1955281034&search_mode=regular_search&check_in=2024-10-04&check_out=2024-10-10&source_impression_id=p3_1721729942_P3C1e9fJxKJ5r3DT&previous_page_section_name=1000&federated_search_id=30cbdd8d-5d5f-4df9-8853-7654de192e2d
Apartment in Khet Bang Rak,4.96,$144,$909,https://www.airbnb.com.sg/rooms/40598375?adults=3&search_mode=regular_search&check_in=2024-10-04&check_out=2024-10-10&source_impression_id=p3_1721729942_P3qozJUQ_icoXwu6&previous_page_section_name=1000&federated_search_id=30cbdd8d-5d5f-4df9-8853-7654de192e2d
Apartment in Khet Khlong San,4.94,$103,$630,https://www.airbnb.com.sg/rooms/22755695?adults=3&search_mode=regular_search&check_in=2024-10-04&check_out=2024-10-10&source_impression_id=p3_1721729942_P3edBPpmuLx4-KWp&previous_page_section_name=1000&federated_search_id=30cbdd8d-5d5f-4df9-8853-7654de192e2d
Apartment in Watthana,4.86,$64,$406,https://www.airbnb.com.sg/rooms/24981583?adults=3&search_mode=regular_search&check_in=2024-10-04&check_out=2024-10-10&source_impression_id=p3_1721729942_P3_Yt94zEldJp_ko&previous_page_section_name=1000&federated_search_id=30cbdd8d-5d5f-4df9-8853-7654de192e2d
Flat in Khet Ratchathewi,4.87,$66,$407,https://www.airbnb.com.sg/rooms/23081317?adults=3&search_mode=regular_search&check_in=2024-10-04&check_out=2024-10-10&source_impression_id=p3_1721729942_P3cO1EMYDaCGhSrE&previous_page_section_name=1000&federated_search_id=30cbdd8d-5d5f-4df9-8853-7654de192e2d
Apartment in Khet Phaya Thai,4.88,$72,$611,https://www.airbnb.com.sg/rooms/1026792802639317400?adults=3&children=0&enable_m3_private_room=true&infants=0&pets=0&search_mode=regular_search&check_in=2024-10-04&check_out=2024-10-12&source_impression_id=p3_1721729943_P3hcZXCozXPd_FgM&previous_page_section_name=1000&federated_search_id=30cbdd8d-5d5f-4df9-8853-7654de192e2d
Flat in Khet Pathum Wan,4.98,$157,$626,https://www.airbnb.com.sg/rooms/34070414?adults=3&children=0&enable_m3_private_room=true&infants=0&pets=0&search_mode=regular_search&check_in=2024-10-04&check_out=2024-10-08&source_impression_id=p3_1721729943_P3qlXAApU_S9BNqK&previous_page_section_name=1000&federated_search_id=30cbdd8d-5d5f-4df9-8853-7654de192e2d
Flat in Bangkok,4.85,$104,$545,https://www.airbnb.com.sg/rooms/36577132?adults=3&children=0&enable_m3_private_room=true&infants=0&pets=0&search_mode=regular_search&check_in=2024-10-06&check_out=2024-10-11&source_impression_id=p3_1721729943_P350gYKGnam7ocau&previous_page_section_name=1000&federated_search_id=30cbdd8d-5d5f-4df9-8853-7654de192e2d
Apartment in TH,5.0,$129,"$1,354",https://www.airbnb.com.sg/rooms/646854390884758447?adults=3&children=0&enable_m3_private_room=true&infants=0&pets=0&search_mode=regular_search&check_in=2024-10-02&check_out=2024-10-12&source_impression_id=p3_1721729943_P3qwaE9usO_KZERl&previous_page_section_name=1000&federated_search_id=30cbdd8d-5d5f-4df9-8853-7654de192e2d
Flat in Khet Din Daeng,4.87,$66,$494,https://www.airbnb.com.sg/rooms/841564604813576170?adults=3&children=0&enable_m3_private_room=true&infants=0&pets=0&search_mode=regular_search&check_in=2024-10-03&check_out=2024-10-10&source_impression_id=p3_1721729943_P3JUpMPDCPm5E_Ut&previous_page_section_name=1000&federated_search_id=30cbdd8d-5d5f-4df9-8853-7654de192e2d
Serviced apartment in Phaholyothin road Phayathai,4.88,$84,$430,https://www.airbnb.com.sg/rooms/20869092?adults=3&children=0&enable_m3_private_room=true&infants=0&pets=0&search_mode=regular_search&check_in=2024-10-06&check_out=2024-10-11&source_impression_id=p3_1721729943_P3ZLBWSIOMuaKcDh&previous_page_section_name=1000&federated_search_id=30cbdd8d-5d5f-4df9-8853-7654de192e2d
Hotel in Khet Ratchathewi,4.91,$72,$434,https://www.airbnb.com.sg/rooms/36535883?adults=3&search_mode=regular_search&check_in=2024-10-04&check_out=2024-10-10&source_impression_id=p3_1721729942_P379LMSg-V67zcUe&previous_page_section_name=1000&federated_search_id=30cbdd8d-5d5f-4df9-8853-7654de192e2d
Apartment in  Khlong Toei District,4.64,$88,$560,https://www.airbnb.com.sg/rooms/32114122?adults=3&search_mode=regular_search&check_in=2024-10-04&check_out=2024-10-10&source_impression_id=p3_1721729942_P3zwYcNZMTfIMlh5&previous_page_section_name=1000&federated_search_id=30cbdd8d-5d5f-4df9-8853-7654de192e2d
Boutique hotel in Khet Pathum Wan,4.93,$57,$341,https://www.airbnb.com.sg/rooms/44579054?adults=3&search_mode=regular_search&check_in=2024-10-04&check_out=2024-10-10&source_impression_id=p3_1721729942_P3AQi3SkiiCy12W0&previous_page_section_name=1000&federated_search_id=30cbdd8d-5d5f-4df9-8853-7654de192e2d
Flat in Bangkok,4.87,$99,$617,https://www.airbnb.com.sg/rooms/40096847?adults=3&search_mode=regular_search&check_in=2024-10-04&check_out=2024-10-10&source_impression_id=p3_1721729942_P3qhDXrEKM5p1rIf&previous_page_section_name=1000&federated_search_id=30cbdd8d-5d5f-4df9-8853-7654de192e2d
Apartment in Khet Bang Rak,4.73,$143,$898,https://www.airbnb.com.sg/rooms/29070466?adults=3&search_mode=regular_search&check_in=2024-10-04&check_out=2024-10-10&source_impression_id=p3_1721729942_P3IbPvvCHSkJot0Y&previous_page_section_name=1000&federated_search_id=30cbdd8d-5d5f-4df9-8853-7654de192e2d
Flat in Bangkok,4.77,$80,$573,https://www.airbnb.com.sg/rooms/16203889?adults=3&search_mode=regular_search&check_in=2024-10-04&check_out=2024-10-10&source_impression_id=p3_1721729942_P3ec1nLI23fSA4J1&previous_page_section_name=1000&federated_search_id=30cbdd8d-5d5f-4df9-8853-7654de192e2d
Flat in Khet Ratchathewi,5.0,$71,$461,https://www.airbnb.com.sg/rooms/886815173944471992?adults=3&search_mode=regular_search&check_in=2024-10-04&check_out=2024-10-10&source_impression_id=p3_1721729942_P3qAPHlx0xvR0XCq&previous_page_section_name=1000&federated_search_id=30cbdd8d-5d5f-4df9-8853-7654de192e2d
Apartment in Khet Watthana,4.86,$48,$315,https://www.airbnb.com.sg/rooms/21840654?adults=3&search_mode=regular_search&check_in=2024-10-04&check_out=2024-10-10&source_impression_id=p3_1721729942_P3ARvIy0x0yN1QYf&previous_page_section_name=1000&federated_search_id=30cbdd8d-5d5f-4df9-8853-7654de192e2d
Flat in Bangkok,5.0,$68,$429,https://www.airbnb.com.sg/rooms/26984763?adults=3&search_mode=regular_search&check_in=2024-10-04&check_out=2024-10-10&source_impression_id=p3_1721729942_P3LbJzANOJlegbH-&previous_page_section_name=1000&federated_search_id=30cbdd8d-5d5f-4df9-8853-7654de192e2d
Place to stay in Khet Ratchathewi,4.48,$107,$676,https://www.airbnb.com.sg/rooms/30974941?adults=3&search_mode=regular_search&check_in=2024-10-04&check_out=2024-10-10&source_impression_id=p3_1721729942_P3YR1KWSxsoOel9z&previous_page_section_name=1000&federated_search_id=30cbdd8d-5d5f-4df9-8853-7654de192e2d
Townhouse in Khet Ratchathewi,4.43,$66,$420,https://www.airbnb.com.sg/rooms/25474788?adults=3&search_mode=regular_search&check_in=2024-10-04&check_out=2024-10-10&source_impression_id=p3_1721729950_P3_vWyiUmC_NoI5I&previous_page_section_name=1000&federated_search_id=88cca789-e17b-458f-abc9-da4cc98fe5b9
Apartment in Khet Watthana,4.84,$116,$698,https://www.airbnb.com.sg/rooms/719913847457678985?adults=3&search_mode=regular_search&check_in=2024-10-04&check_out=2024-10-10&source_impression_id=p3_1721729950_P35XP8QprBSqHk_Q&previous_page_section_name=1000&federated_search_id=88cca789-e17b-458f-abc9-da4cc98fe5b9
Flat in Bangkok,4.8,$75,$463,https://www.airbnb.com.sg/rooms/28469688?adults=3&search_mode=regular_search&check_in=2024-10-04&check_out=2024-10-10&source_impression_id=p3_1721729950_P3IWbfE1zfkh3_VC&previous_page_section_name=1000&federated_search_id=88cca789-e17b-458f-abc9-da4cc98fe5b9
Room in Khet Ratchathewi,New,$61,$387,https://www.airbnb.com.sg/rooms/1185474000725426752?adults=3&category_tag=Tag%3A8678&enable_m3_private_room=true&photo_id=1944510396&search_mode=regular_search&check_in=2024-10-04&check_out=2024-10-10&source_impression_id=p3_1721729950_P35kqh_BXw4yzgjZ&previous_page_section_name=1000&federated_search_id=88cca789-e17b-458f-abc9-da4cc98fe5b9
Room in Khet Pom Prap Sattru Phai,New,$69,$486,https://www.airbnb.com.sg/rooms/1203964733185348091?adults=3&category_tag=Tag%3A8678&enable_m3_private_room=true&photo_id=1956187784&search_mode=regular_search&check_in=2024-10-04&check_out=2024-10-10&source_impression_id=p3_1721729950_P3YPjmlRySTGTXK6&previous_page_section_name=1000&federated_search_id=88cca789-e17b-458f-abc9-da4cc98fe5b9
Flat in Khet Khlong Toei,4.75,$108,$673,https://www.airbnb.com.sg/rooms/922676874480687831?adults=3&search_mode=regular_search&check_in=2024-10-04&check_out=2024-10-10&source_impression_id=p3_1721729950_P3MX2Y0yXQ-FvOoA&previous_page_section_name=1000&federated_search_id=88cca789-e17b-458f-abc9-da4cc98fe5b9
Room in Khet Ratchathewi,New,$38,$246,https://www.airbnb.com.sg/rooms/1185425012345638748?adults=3&category_tag=Tag%3A8678&enable_m3_private_room=true&photo_id=1942832920&search_mode=regular_search&check_in=2024-10-04&check_out=2024-10-10&source_impression_id=p3_1721729950_P3dLzt0NZlGe6Ssk&previous_page_section_name=1000&federated_search_id=88cca789-e17b-458f-abc9-da4cc98fe5b9
Flat in Watthana,5.0,$157,"$1,017",https://www.airbnb.com.sg/rooms/1153395783733678050?adults=3&search_mode=regular_search&check_in=2024-10-04&check_out=2024-10-10&source_impression_id=p3_1721729950_P34E9XgdZoFGDJHm&previous_page_section_name=1000&federated_search_id=88cca789-e17b-458f-abc9-da4cc98fe5b9
Townhouse in Khet Ratchathewi,4.54,$103,$653,https://www.airbnb.com.sg/rooms/25473006?adults=3&search_mode=regular_search&check_in=2024-10-04&check_out=2024-10-10&source_impression_id=p3_1721729950_P3QPgZ-7XSuJOAaZ&previous_page_section_name=1000&federated_search_id=88cca789-e17b-458f-abc9-da4cc98fe5b9
Flat in Khet Bang Rak,New,$82,$489,https://www.airbnb.com.sg/rooms/1202533839576856161?adults=3&search_mode=regular_search&check_in=2024-10-04&check_out=2024-10-10&source_impression_id=p3_1721729950_P3hyWuk3rI_dwt7N&previous_page_section_name=1000&federated_search_id=88cca789-e17b-458f-abc9-da4cc98fe5b9
Home in Bangkok,4.67,$79,$472,https://www.airbnb.com.sg/rooms/25933923?adults=3&search_mode=regular_search&check_in=2024-10-04&check_out=2024-10-10&source_impression_id=p3_1721729950_P39PXnpYuTaOcdYF&previous_page_section_name=1000&federated_search_id=88cca789-e17b-458f-abc9-da4cc98fe5b9
Flat in Bangkok,4.82,$93,$580,https://www.airbnb.com.sg/rooms/37985091?adults=3&search_mode=regular_search&check_in=2024-10-04&check_out=2024-10-10&source_impression_id=p3_1721729950_P301uUfQ0VP0S8CG&previous_page_section_name=1000&federated_search_id=88cca789-e17b-458f-abc9-da4cc98fe5b9
Serviced apartment in Phayathai,4.84,$99,$612,https://www.airbnb.com.sg/rooms/1160838?adults=3&search_mode=regular_search&check_in=2024-10-04&check_out=2024-10-10&source_impression_id=p3_1721729950_P3L-P0ewenure5RX&previous_page_section_name=1000&federated_search_id=88cca789-e17b-458f-abc9-da4cc98fe5b9
Flat in Watthana,4.9,$101,$628,https://www.airbnb.com.sg/rooms/1046657507907701846?adults=3&search_mode=regular_search&check_in=2024-10-04&check_out=2024-10-10&source_impression_id=p3_1721729950_P3PZtKSh_bnRrFjI&previous_page_section_name=1000&federated_search_id=88cca789-e17b-458f-abc9-da4cc98fe5b9
Flat in Khet Khlong Toei,New,$87,$523,https://www.airbnb.com.sg/rooms/1204772427434753254?adults=3&search_mode=regular_search&check_in=2024-10-04&check_out=2024-10-10&source_impression_id=p3_1721729950_P3Dwy4ztP9Ibz9Id&previous_page_section_name=1000&federated_search_id=88cca789-e17b-458f-abc9-da4cc98fe5b9
Flat in Khet Watthana,4.88,$168,"$1,047",https://www.airbnb.com.sg/rooms/900348644327753454?adults=3&search_mode=regular_search&check_in=2024-10-04&check_out=2024-10-10&source_impression_id=p3_1721729950_P3bqlVanokDx_oJL&previous_page_section_name=1000&federated_search_id=88cca789-e17b-458f-abc9-da4cc98fe5b9
Townhouse in Bang Rak,4.65,$111,$706,https://www.airbnb.com.sg/rooms/36706005?adults=3&search_mode=regular_search&check_in=2024-10-04&check_out=2024-10-10&source_impression_id=p3_1721729950_P3MIvRRE6FDOkUnf&previous_page_section_name=1000&federated_search_id=88cca789-e17b-458f-abc9-da4cc98fe5b9
Apartment in Ratchathewi,4.81,$66,$407,https://www.airbnb.com.sg/rooms/23752078?adults=3&search_mode=regular_search&check_in=2024-10-04&check_out=2024-10-10&source_impression_id=p3_1721729950_P3IjhA1IkHePIigf&previous_page_section_name=1000&federated_search_id=88cca789-e17b-458f-abc9-da4cc98fe5b9
Apartment in Khet Watthana,4.71,$70,$457,https://www.airbnb.com.sg/rooms/34429149?adults=3&search_mode=regular_search&check_in=2024-10-04&check_out=2024-10-10&source_impression_id=p3_1721729952_P33bEvwM_orrwGxI&previous_page_section_name=1000&federated_search_id=12821add-5089-40bc-872d-2eddf625dc20
Flat in Khet Khlong Toei,5.0,$106,$637,https://www.airbnb.com.sg/rooms/1181529585097971991?adults=3&search_mode=regular_search&check_in=2024-10-04&check_out=2024-10-10&source_impression_id=p3_1721729953_P3RMZr7w7MhY5tkP&previous_page_section_name=1000&federated_search_id=12821add-5089-40bc-872d-2eddf625dc20
Flat in Khet Phra Nakhon,4.91,$109,$691,https://www.airbnb.com.sg/rooms/842643071323295069?adults=3&search_mode=regular_search&check_in=2024-10-04&check_out=2024-10-10&source_impression_id=p3_1721729953_P3N_RO5yr5RBkmon&previous_page_section_name=1000&federated_search_id=12821add-5089-40bc-872d-2eddf625dc20
Apartment in Watthana,5.0,$124,$774,https://www.airbnb.com.sg/rooms/1107147554427779317?adults=3&search_mode=regular_search&check_in=2024-10-04&check_out=2024-10-10&source_impression_id=p3_1721729953_P3-V9lyb7R1DTYiL&previous_page_section_name=1000&federated_search_id=12821add-5089-40bc-872d-2eddf625dc20
Apartment in Khet Watthana,4.81,$83,$547,https://www.airbnb.com.sg/rooms/49104649?adults=3&search_mode=regular_search&check_in=2024-10-04&check_out=2024-10-10&source_impression_id=p3_1721729953_P3pTkfIXGPZ51P1G&previous_page_section_name=1000&federated_search_id=12821add-5089-40bc-872d-2eddf625dc20
Flat in Bangkok,4.85,$74,$537,https://www.airbnb.com.sg/rooms/16203372?adults=3&search_mode=regular_search&check_in=2024-10-04&check_out=2024-10-10&source_impression_id=p3_1721729953_P39-xYEHyu7kUeBr&previous_page_section_name=1000&federated_search_id=12821add-5089-40bc-872d-2eddf625dc20
Apartment in Khet Watthana,4.85,$110,$678,https://www.airbnb.com.sg/rooms/567335016801681754?adults=3&search_mode=regular_search&check_in=2024-10-04&check_out=2024-10-10&source_impression_id=p3_1721729953_P3Dq9O50jtFxqIDg&previous_page_section_name=1000&federated_search_id=12821add-5089-40bc-872d-2eddf625dc20
Flat in Watthana,4.91,$73,$466,https://www.airbnb.com.sg/rooms/1024831567442160035?adults=3&search_mode=regular_search&check_in=2024-10-04&check_out=2024-10-10&source_impression_id=p3_1721729953_P3pw3Wv2X25dY5Tl&previous_page_section_name=1000&federated_search_id=12821add-5089-40bc-872d-2eddf625dc20
Flat in Watthana,New,$75,$472,https://www.airbnb.com.sg/rooms/1195697419656803553?adults=3&search_mode=regular_search&check_in=2024-10-04&check_out=2024-10-10&source_impression_id=p3_1721729953_P3A6dxz7zoQBV4RT&previous_page_section_name=1000&federated_search_id=12821add-5089-40bc-872d-2eddf625dc20
Flat in Khet Ratchathewi,4.82,$66,$407,https://www.airbnb.com.sg/rooms/41484615?adults=3&search_mode=regular_search&check_in=2024-10-04&check_out=2024-10-10&source_impression_id=p3_1721729953_P3GjKC_ylD3wd2AE&previous_page_section_name=1000&federated_search_id=12821add-5089-40bc-872d-2eddf625dc20
Flat in Watthana,4.84,$135,$836,https://www.airbnb.com.sg/rooms/984483302211076378?adults=3&search_mode=regular_search&check_in=2024-10-04&check_out=2024-10-10&source_impression_id=p3_1721729953_P3vQlbodId_NdeGt&previous_page_section_name=1000&federated_search_id=12821add-5089-40bc-872d-2eddf625dc20
Townhouse in Bangkok,4.89,$79,$508,https://www.airbnb.com.sg/rooms/39979823?adults=3&search_mode=regular_search&check_in=2024-10-04&check_out=2024-10-10&source_impression_id=p3_1721729953_P3TDBPJ7BrMhhmFf&previous_page_section_name=1000&federated_search_id=12821add-5089-40bc-872d-2eddf625dc20
Flat in Khet Ratchathewi,5.0,$84,$523,https://www.airbnb.com.sg/rooms/1160739130738493875?adults=3&search_mode=regular_search&check_in=2024-10-04&check_out=2024-10-10&source_impression_id=p3_1721729953_P3E1WfsoWgS8E-7n&previous_page_section_name=1000&federated_search_id=12821add-5089-40bc-872d-2eddf625dc20
Loft in Khet Phaya Thai,4.7,$53,$344,https://www.airbnb.com.sg/rooms/24406939?adults=3&search_mode=regular_search&check_in=2024-10-04&check_out=2024-10-10&source_impression_id=p3_1721729953_P34q8hyZ19fVoSQ-&previous_page_section_name=1000&federated_search_id=12821add-5089-40bc-872d-2eddf625dc20
Apartment in Khet Bang Rak,4.75,$181,"$1,197",https://www.airbnb.com.sg/rooms/21636719?adults=3&search_mode=regular_search&check_in=2024-10-04&check_out=2024-10-10&source_impression_id=p3_1721729953_P3CTsU4D_fce-9Ga&previous_page_section_name=1000&federated_search_id=12821add-5089-40bc-872d-2eddf625dc20
Apartment in Khet Bang Rak,4.98,$148,$930,https://www.airbnb.com.sg/rooms/816560363550371726?adults=3&search_mode=regular_search&check_in=2024-10-04&check_out=2024-10-10&source_impression_id=p3_1721729953_P3OiU1mc0Wrwy_qr&previous_page_section_name=1000&federated_search_id=12821add-5089-40bc-872d-2eddf625dc20
Flat in Khet Sathon,4.95,$74,$444,https://www.airbnb.com.sg/rooms/28565139?adults=3&search_mode=regular_search&check_in=2024-10-04&check_out=2024-10-10&source_impression_id=p3_1721729953_P3l7xXOW6l_Gmuwr&previous_page_section_name=1000&federated_search_id=12821add-5089-40bc-872d-2eddf625dc20
Townhouse in Khet Pom Prap Sattru Phai,4.91,$93,$586,https://www.airbnb.com.sg/rooms/25297102?adults=3&search_mode=regular_search&check_in=2024-10-04&check_out=2024-10-10&source_impression_id=p3_1721729953_P34ghw8ARDS6mVfF&previous_page_section_name=1000&federated_search_id=12821add-5089-40bc-872d-2eddf625dc20
Flat in Bangkok,4.98,$240,"$1,491",https://www.airbnb.com.sg/rooms/2135883?adults=3&search_mode=regular_search&check_in=2024-10-04&check_out=2024-10-10&source_impression_id=p3_1721729955_P3o-NlFIfwub5jwj&previous_page_section_name=1000&federated_search_id=02bd2770-2b56-4ecd-b746-e1b3816d45b7
Flat in Khet Ratchathewi,5.0,$92,$550,https://www.airbnb.com.sg/rooms/1194813980643451374?adults=3&search_mode=regular_search&check_in=2024-10-04&check_out=2024-10-10&source_impression_id=p3_1721729956_P3EUWsGBlS0lf5W-&previous_page_section_name=1000&federated_search_id=02bd2770-2b56-4ecd-b746-e1b3816d45b7
Apartment in Watthana,4.95,$168,"$1,041",https://www.airbnb.com.sg/rooms/922241513657091225?adults=3&search_mode=regular_search&check_in=2024-10-04&check_out=2024-10-10&source_impression_id=p3_1721729956_P35M8NCWtLLGqKBM&previous_page_section_name=1000&federated_search_id=02bd2770-2b56-4ecd-b746-e1b3816d45b7
Flat in Khet Sathon,4.98,$132,$812,https://www.airbnb.com.sg/rooms/30312066?adults=3&search_mode=regular_search&check_in=2024-10-04&check_out=2024-10-10&source_impression_id=p3_1721729956_P3eSvUBcE4jhpB12&previous_page_section_name=1000&federated_search_id=02bd2770-2b56-4ecd-b746-e1b3816d45b7
Flat in Khet Bang Rak,New,$149,$913,https://www.airbnb.com.sg/rooms/1202954085113059547?adults=3&search_mode=regular_search&check_in=2024-10-04&check_out=2024-10-10&source_impression_id=p3_1721729956_P3ykgmSmSc4OSIU9&previous_page_section_name=1000&federated_search_id=02bd2770-2b56-4ecd-b746-e1b3816d45b7
Flat in Khet Pathum Wan,4.9,$187,"$1,158",https://www.airbnb.com.sg/rooms/880067484774330279?adults=3&search_mode=regular_search&check_in=2024-10-04&check_out=2024-10-10&source_impression_id=p3_1721729956_P3-aCcyIsSJGhEcK&previous_page_section_name=1000&federated_search_id=02bd2770-2b56-4ecd-b746-e1b3816d45b7
Flat in Khet Sathon,4.94,$102,$648,https://www.airbnb.com.sg/rooms/979536769169093247?adults=3&search_mode=regular_search&check_in=2024-10-04&check_out=2024-10-10&source_impression_id=p3_1721729956_P3bIJNfyThzcce0x&previous_page_section_name=1000&federated_search_id=02bd2770-2b56-4ecd-b746-e1b3816d45b7
Flat in Khet Watthana,5.0,$132,$812,https://www.airbnb.com.sg/rooms/791852457825665471?adults=3&search_mode=regular_search&check_in=2024-10-04&check_out=2024-10-10&source_impression_id=p3_1721729956_P3GrXRzTbWYREFI-&previous_page_section_name=1000&federated_search_id=02bd2770-2b56-4ecd-b746-e1b3816d45b7
Flat in Khet Khlong Toei,4.59,$135,$839,https://www.airbnb.com.sg/rooms/566896452446253904?adults=3&search_mode=regular_search&check_in=2024-10-04&check_out=2024-10-10&source_impression_id=p3_1721729956_P39DG6K2vT13vs5A&previous_page_section_name=1000&federated_search_id=02bd2770-2b56-4ecd-b746-e1b3816d45b7
Flat in Khet Pathum Wan,4.76,$132,$812,https://www.airbnb.com.sg/rooms/29795239?adults=3&search_mode=regular_search&check_in=2024-10-04&check_out=2024-10-10&source_impression_id=p3_1721729956_P32WjH7C3LUNXOzd&previous_page_section_name=1000&federated_search_id=02bd2770-2b56-4ecd-b746-e1b3816d45b7
Flat in เขตวัฒนา,4.82,$153,$950,https://www.airbnb.com.sg/rooms/41731041?adults=3&search_mode=regular_search&check_in=2024-10-04&check_out=2024-10-10&source_impression_id=p3_1721729956_P3KMQvvLcDoPwd0S&previous_page_section_name=1000&federated_search_id=02bd2770-2b56-4ecd-b746-e1b3816d45b7
Flat in Pathum Wan,4.92,$89,$556,https://www.airbnb.com.sg/rooms/1108390779809658748?adults=3&search_mode=regular_search&check_in=2024-10-04&check_out=2024-10-10&source_impression_id=p3_1721729956_P3Fr7Lugc32TLQxI&previous_page_section_name=1000&federated_search_id=02bd2770-2b56-4ecd-b746-e1b3816d45b7
Flat in Khet Bang Rak,4.75,$93,$586,https://www.airbnb.com.sg/rooms/1121341459112867755?adults=3&search_mode=regular_search&check_in=2024-10-04&check_out=2024-10-10&source_impression_id=p3_1721729956_P3Osp2xWXZ5NFspv&previous_page_section_name=1000&federated_search_id=02bd2770-2b56-4ecd-b746-e1b3816d45b7
Flat in Bangkok,4.9,$80,$573,https://www.airbnb.com.sg/rooms/16203630?adults=3&search_mode=regular_search&check_in=2024-10-04&check_out=2024-10-10&source_impression_id=p3_1721729956_P3Eazz0qlX96f-YQ&previous_page_section_name=1000&federated_search_id=02bd2770-2b56-4ecd-b746-e1b3816d45b7
Flat in Khet Ratchathewi,4.89,$119,$751,https://www.airbnb.com.sg/rooms/1106578871181445550?adults=3&search_mode=regular_search&check_in=2024-10-04&check_out=2024-10-10&source_impression_id=p3_1721729956_P3f9Y4ydsF0ueUi1&previous_page_section_name=1000&federated_search_id=02bd2770-2b56-4ecd-b746-e1b3816d45b7
Flat in Khet Bang Rak,4.8,$125,$760,https://www.airbnb.com.sg/rooms/885462009404245438?adults=3&search_mode=regular_search&check_in=2024-10-04&check_out=2024-10-10&source_impression_id=p3_1721729956_P3Jl86FuDSoI3__n&previous_page_section_name=1000&federated_search_id=02bd2770-2b56-4ecd-b746-e1b3816d45b7
Flat in Khet Ratchathewi,4.79,$57,$358,https://www.airbnb.com.sg/rooms/45546446?adults=3&search_mode=regular_search&check_in=2024-10-04&check_out=2024-10-10&source_impression_id=p3_1721729956_P3swj7A55FuOIwTt&previous_page_section_name=1000&federated_search_id=02bd2770-2b56-4ecd-b746-e1b3816d45b7
Place to stay in Khet Pom Prap Sattru Phai,4.87,$105,$629,https://www.airbnb.com.sg/rooms/34513624?adults=3&search_mode=regular_search&check_in=2024-10-04&check_out=2024-10-10&source_impression_id=p3_1721729956_P3HkQSCISx8CKPwU&previous_page_section_name=1000&federated_search_id=02bd2770-2b56-4ecd-b746-e1b3816d45b7
Place to stay in Khet Bang Rak,New,$61,$389,https://www.airbnb.com.sg/rooms/1205120123528689838?adults=3&search_mode=regular_search&check_in=2024-10-04&check_out=2024-10-10&source_impression_id=p3_1721729958_P3oOcOvwFVsNDZDK&previous_page_section_name=1000&federated_search_id=1e7297ad-169f-4410-bda0-5e924904c739
Apartment in Bangkok,4.78,$171,"$1,080",https://www.airbnb.com.sg/rooms/28044142?adults=3&search_mode=regular_search&check_in=2024-10-04&check_out=2024-10-10&source_impression_id=p3_1721729958_P3vCWeTQAIc1BYzu&previous_page_section_name=1000&federated_search_id=1e7297ad-169f-4410-bda0-5e924904c739
Townhouse in Khet Bang Rak,5.0,$102,$646,https://www.airbnb.com.sg/rooms/1156850760519856372?adults=3&search_mode=regular_search&check_in=2024-10-04&check_out=2024-10-10&source_impression_id=p3_1721729958_P3lmKuzO-JdQGZu6&previous_page_section_name=1000&federated_search_id=1e7297ad-169f-4410-bda0-5e924904c739
Apartment in Watthana,4.83,$55,$350,https://www.airbnb.com.sg/rooms/39824458?adults=3&search_mode=regular_search&check_in=2024-10-04&check_out=2024-10-10&source_impression_id=p3_1721729958_P34BSvMtQAPRSyOY&previous_page_section_name=1000&federated_search_id=1e7297ad-169f-4410-bda0-5e924904c739
Flat in Khet Bang Rak,4.95,$139,$870,https://www.airbnb.com.sg/rooms/813721126683538771?adults=3&search_mode=regular_search&check_in=2024-10-04&check_out=2024-10-10&source_impression_id=p3_1721729958_P3qJ1pB7zVpqvJzD&previous_page_section_name=1000&federated_search_id=1e7297ad-169f-4410-bda0-5e924904c739
Flat in Khet Khlong Toei,New,$132,$824,https://www.airbnb.com.sg/rooms/1205628379469924205?adults=3&search_mode=regular_search&check_in=2024-10-04&check_out=2024-10-10&source_impression_id=p3_1721729958_P3mUdq2NiM1OCLVK&previous_page_section_name=1000&federated_search_id=1e7297ad-169f-4410-bda0-5e924904c739
Townhouse in Khet Phra Nakhon,4.93,$149,$913,https://www.airbnb.com.sg/rooms/54358703?adults=3&search_mode=regular_search&check_in=2024-10-04&check_out=2024-10-10&source_impression_id=p3_1721729958_P3gy1YzT226bs9jA&previous_page_section_name=1000&federated_search_id=1e7297ad-169f-4410-bda0-5e924904c739
Place to stay in Khet Ratchathewi,4.47,$96,$602,https://www.airbnb.com.sg/rooms/30916054?adults=3&search_mode=regular_search&check_in=2024-10-04&check_out=2024-10-10&source_impression_id=p3_1721729958_P3W7i5qCIb2-_0b7&previous_page_section_name=1000&federated_search_id=1e7297ad-169f-4410-bda0-5e924904c739
Room in Khet Bang Rak,5.0,$78,$488,https://www.airbnb.com.sg/rooms/1131211637115874966?adults=3&category_tag=Tag%3A8678&enable_m3_private_room=true&photo_id=1890893358&search_mode=regular_search&check_in=2024-10-04&check_out=2024-10-10&source_impression_id=p3_1721729958_P3JMZcGXbuZLAZWd&previous_page_section_name=1000&federated_search_id=1e7297ad-169f-4410-bda0-5e924904c739
Boutique hotel in Khet Pathum Wan,4.78,$67,$400,https://www.airbnb.com.sg/rooms/44205723?adults=3&search_mode=regular_search&check_in=2024-10-04&check_out=2024-10-10&source_impression_id=p3_1721729958_P3RtgKMexLr8rexM&previous_page_section_name=1000&federated_search_id=1e7297ad-169f-4410-bda0-5e924904c739
Flat in Watthana,4.7,$211,"$1,293",https://www.airbnb.com.sg/rooms/994687571843339427?adults=3&search_mode=regular_search&check_in=2024-10-04&check_out=2024-10-10&source_impression_id=p3_1721729958_P3FZnmnC76l-BbmY&previous_page_section_name=1000&federated_search_id=1e7297ad-169f-4410-bda0-5e924904c739
Apartment in Khet Watthana,4.88,$118,$705,https://www.airbnb.com.sg/rooms/645220028815881502?adults=3&search_mode=regular_search&check_in=2024-10-04&check_out=2024-10-10&source_impression_id=p3_1721729958_P3khuy3jwsgTIMSm&previous_page_section_name=1000&federated_search_id=1e7297ad-169f-4410-bda0-5e924904c739
Flat in Pathum Wan,New,$89,$553,https://www.airbnb.com.sg/rooms/1180805786011480446?adults=3&search_mode=regular_search&check_in=2024-10-04&check_out=2024-10-10&source_impression_id=p3_1721729958_P3zg-oUzKsRPaLlZ&previous_page_section_name=1000&federated_search_id=1e7297ad-169f-4410-bda0-5e924904c739
Flat in Khet Ratchathewi,4.88,$84,$523,https://www.airbnb.com.sg/rooms/783034570175693485?adults=3&search_mode=regular_search&check_in=2024-10-04&check_out=2024-10-10&source_impression_id=p3_1721729958_P3pd2eu6pJY2bX-a&previous_page_section_name=1000&federated_search_id=1e7297ad-169f-4410-bda0-5e924904c739
Apartment in Khet Watthana,4.76,$119,$730,https://www.airbnb.com.sg/rooms/53535655?adults=3&search_mode=regular_search&check_in=2024-10-04&check_out=2024-10-10&source_impression_id=p3_1721729958_P3oGVeWSwoDeO9rL&previous_page_section_name=1000&federated_search_id=1e7297ad-169f-4410-bda0-5e924904c739
Flat in Pathum Wan,5.0,$154,$948,https://www.airbnb.com.sg/rooms/1104255383282141900?adults=3&search_mode=regular_search&check_in=2024-10-04&check_out=2024-10-10&source_impression_id=p3_1721729958_P3JwDZ67PGSQqPUL&previous_page_section_name=1000&federated_search_id=1e7297ad-169f-4410-bda0-5e924904c739
Place to stay in Bangkok,5.0,$53,$322,https://www.airbnb.com.sg/rooms/1106047816595574829?adults=3&search_mode=regular_search&check_in=2024-10-04&check_out=2024-10-10&source_impression_id=p3_1721729958_P36aCx3mUQKxhVMO&previous_page_section_name=1000&federated_search_id=1e7297ad-169f-4410-bda0-5e924904c739
Home in Bangkok,4.91,$152,$914,https://www.airbnb.com.sg/rooms/1041976?adults=3&search_mode=regular_search&check_in=2024-10-04&check_out=2024-10-10&source_impression_id=p3_1721729961_P3g2vwzJ-MixOUJV&previous_page_section_name=1000&federated_search_id=4960a8f8-e88a-4b97-b360-75a3ada10900
Flat in Khet Khlong Toei,4.71,$109,$685,https://www.airbnb.com.sg/rooms/1149296566664911564?adults=3&search_mode=regular_search&check_in=2024-10-04&check_out=2024-10-10&source_impression_id=p3_1721729961_P3Ujy8Pj76xGZt2u&previous_page_section_name=1000&federated_search_id=4960a8f8-e88a-4b97-b360-75a3ada10900
Flat in Khet Khlong Toei,4.88,$99,$635,https://www.airbnb.com.sg/rooms/761879648449788398?adults=3&search_mode=regular_search&check_in=2024-10-04&check_out=2024-10-10&source_impression_id=p3_1721729961_P3JTegTv_zIder1B&previous_page_section_name=1000&federated_search_id=4960a8f8-e88a-4b97-b360-75a3ada10900
Flat in Bangkok,4.73,$31,$199,https://www.airbnb.com.sg/rooms/21942959?adults=3&search_mode=regular_search&check_in=2024-10-04&check_out=2024-10-10&source_impression_id=p3_1721729961_P3ov7h-U0fhd2tZP&previous_page_section_name=1000&federated_search_id=4960a8f8-e88a-4b97-b360-75a3ada10900
Place to stay in Bangkok,4.93,$73,$447,https://www.airbnb.com.sg/rooms/4771693?adults=3&search_mode=regular_search&check_in=2024-10-04&check_out=2024-10-10&source_impression_id=p3_1721729961_P3k0a29N98GKWiBj&previous_page_section_name=1000&federated_search_id=4960a8f8-e88a-4b97-b360-75a3ada10900
Apartment in Khet Khlong Toei,4.6,$119,$751,https://www.airbnb.com.sg/rooms/988177408609819714?adults=3&search_mode=regular_search&check_in=2024-10-04&check_out=2024-10-10&source_impression_id=p3_1721729961_P3I_nBT3lXvDcd96&previous_page_section_name=1000&federated_search_id=4960a8f8-e88a-4b97-b360-75a3ada10900
Home in Khet Samphanthawong,4.9,$175,"$1,081",https://www.airbnb.com.sg/rooms/1000417319296264116?adults=3&search_mode=regular_search&check_in=2024-10-04&check_out=2024-10-10&source_impression_id=p3_1721729961_P3phHgImnTyLrDSh&previous_page_section_name=1000&federated_search_id=4960a8f8-e88a-4b97-b360-75a3ada10900
Flat in Watthana,4.8,$101,$628,https://www.airbnb.com.sg/rooms/53156013?adults=3&search_mode=regular_search&check_in=2024-10-04&check_out=2024-10-10&source_impression_id=p3_1721729961_P3sM4kpYPLZX245E&previous_page_section_name=1000&federated_search_id=4960a8f8-e88a-4b97-b360-75a3ada10900
Apartment in Wattana,4.82,$70,$441,https://www.airbnb.com.sg/rooms/45098840?adults=3&search_mode=regular_search&check_in=2024-10-04&check_out=2024-10-10&source_impression_id=p3_1721729961_P34XkZ71hAMdVKX8&previous_page_section_name=1000&federated_search_id=4960a8f8-e88a-4b97-b360-75a3ada10900
Flat in Khet Ratchathewi,4.84,$75,$463,https://www.airbnb.com.sg/rooms/27442939?adults=3&search_mode=regular_search&check_in=2024-10-04&check_out=2024-10-10&source_impression_id=p3_1721729961_P3FE0QbfVDdpLxYn&previous_page_section_name=1000&federated_search_id=4960a8f8-e88a-4b97-b360-75a3ada10900
Room in Khet Ratchathewi,4.94,$53,$315,https://www.airbnb.com.sg/rooms/31640767?adults=3&category_tag=Tag%3A8678&enable_m3_private_room=true&photo_id=659805591&search_mode=regular_search&check_in=2024-10-04&check_out=2024-10-10&source_impression_id=p3_1721729961_P3PJcidyyOb5Lj7M&previous_page_section_name=1000&federated_search_id=4960a8f8-e88a-4b97-b360-75a3ada10900
Home in Khet Pom Prap Sattru Phai,4.71,$67,$446,https://www.airbnb.com.sg/rooms/1125809770415863200?adults=3&search_mode=regular_search&check_in=2024-10-04&check_out=2024-10-10&source_impression_id=p3_1721729961_P3SxV7kBN7vqW2Ip&previous_page_section_name=1000&federated_search_id=4960a8f8-e88a-4b97-b360-75a3ada10900
Apartment in Khet Bang Rak,5.0,$87,$522,https://www.airbnb.com.sg/rooms/1173299734006651010?adults=3&search_mode=regular_search&check_in=2024-10-04&check_out=2024-10-10&source_impression_id=p3_1721729961_P3UcyqPg7HsfiybL&previous_page_section_name=1000&federated_search_id=4960a8f8-e88a-4b97-b360-75a3ada10900
Townhouse in Khet Phra Nakhon,4.85,$127,$792,https://www.airbnb.com.sg/rooms/743199228548342785?adults=3&search_mode=regular_search&check_in=2024-10-04&check_out=2024-10-10&source_impression_id=p3_1721729961_P3w4sP8BCkmpmp3x&previous_page_section_name=1000&federated_search_id=4960a8f8-e88a-4b97-b360-75a3ada10900
Townhouse in Khet Dusit,4.93,$181,"$1,129",https://www.airbnb.com.sg/rooms/32248010?adults=3&search_mode=regular_search&check_in=2024-10-04&check_out=2024-10-10&source_impression_id=p3_1721729961_P3Q5s_lsgAwSR4QA&previous_page_section_name=1000&federated_search_id=4960a8f8-e88a-4b97-b360-75a3ada10900
Flat in Khet Pom Prap Sattru Phai,4.76,$33,$212,https://www.airbnb.com.sg/rooms/21892849?adults=3&search_mode=regular_search&check_in=2024-10-04&check_out=2024-10-10&source_impression_id=p3_1721729961_P3-WHVHZXXBQsveE&previous_page_section_name=1000&federated_search_id=4960a8f8-e88a-4b97-b360-75a3ada10900
Flat in Khet Ratchathewi,4.9,$75,$481,https://www.airbnb.com.sg/rooms/993872158264799463?adults=3&search_mode=regular_search&check_in=2024-10-04&check_out=2024-10-10&source_impression_id=p3_1721729961_P3uk9hlZ5363QTcP&previous_page_section_name=1000&federated_search_id=4960a8f8-e88a-4b97-b360-75a3ada10900
Apartment in Wattana,4.65,$45,$287,https://www.airbnb.com.sg/rooms/38460698?adults=3&search_mode=regular_search&check_in=2024-10-04&check_out=2024-10-10&source_impression_id=p3_1721729961_P3vmZYJ_sWQxi3Fk&previous_page_section_name=1000&federated_search_id=4960a8f8-e88a-4b97-b360-75a3ada10900
Home in Khet Bang Rak,4.82,$57,$349,https://www.airbnb.com.sg/rooms/954827597016595331?adults=3&search_mode=regular_search&check_in=2024-10-04&check_out=2024-10-10&source_impression_id=p3_1721729963_P3lF4AeElTBL8MoN&previous_page_section_name=1000&federated_search_id=5ab298d5-96c8-4f39-9ff4-1793f6addc11
Townhouse in Khet Bang Rak,4.74,$110,$701,https://www.airbnb.com.sg/rooms/36716533?adults=3&search_mode=regular_search&check_in=2024-10-04&check_out=2024-10-10&source_impression_id=p3_1721729964_P3Tzegy2fqhOxRh4&previous_page_section_name=1000&federated_search_id=5ab298d5-96c8-4f39-9ff4-1793f6addc11
Place to stay in Khet Ratchathewi,4.59,$96,$602,https://www.airbnb.com.sg/rooms/30973960?adults=3&search_mode=regular_search&check_in=2024-10-04&check_out=2024-10-10&source_impression_id=p3_1721729964_P3g9OwwgxrpE1KdO&previous_page_section_name=1000&federated_search_id=5ab298d5-96c8-4f39-9ff4-1793f6addc11
Flat in Khet Ratchathewi,4.94,$66,$407,https://www.airbnb.com.sg/rooms/933735816073981785?adults=3&search_mode=regular_search&check_in=2024-10-04&check_out=2024-10-10&source_impression_id=p3_1721729964_P3A-gSHzFP1WYQ0l&previous_page_section_name=1000&federated_search_id=5ab298d5-96c8-4f39-9ff4-1793f6addc11
Townhouse in Khet Phra Nakhon,4.95,$210,"$1,288",https://www.airbnb.com.sg/rooms/703440135327315642?adults=3&search_mode=regular_search&check_in=2024-10-04&check_out=2024-10-10&source_impression_id=p3_1721729964_P3AtPn-s0ZHT_1zq&previous_page_section_name=1000&federated_search_id=5ab298d5-96c8-4f39-9ff4-1793f6addc11
Flat in Khet Ratchathewi,4.58,$66,$394,https://www.airbnb.com.sg/rooms/1011402288464293790?adults=3&search_mode=regular_search&check_in=2024-10-04&check_out=2024-10-10&source_impression_id=p3_1721729964_P3b4HJhqnjHlsmfI&previous_page_section_name=1000&federated_search_id=5ab298d5-96c8-4f39-9ff4-1793f6addc11
Flat in Khet Bang Rak,4.78,$64,$414,https://www.airbnb.com.sg/rooms/815819875684721653?adults=3&search_mode=regular_search&check_in=2024-10-04&check_out=2024-10-10&source_impression_id=p3_1721729964_P3FWeD07hjL047xG&previous_page_section_name=1000&federated_search_id=5ab298d5-96c8-4f39-9ff4-1793f6addc11
Flat in Khet Sathon,New,$136,$845,https://www.airbnb.com.sg/rooms/1183041478735396637?adults=3&search_mode=regular_search&check_in=2024-10-04&check_out=2024-10-10&source_impression_id=p3_1721729964_P3uI5A1Jk5QRvj5N&previous_page_section_name=1000&federated_search_id=5ab298d5-96c8-4f39-9ff4-1793f6addc11
Apartment in Khet Pathum Wan,5.0,$76,$478,https://www.airbnb.com.sg/rooms/53348383?adults=3&search_mode=regular_search&check_in=2024-10-04&check_out=2024-10-10&source_impression_id=p3_1721729964_P3nMCAkkMlG7EPrZ&previous_page_section_name=1000&federated_search_id=5ab298d5-96c8-4f39-9ff4-1793f6addc11
Place to stay in Bang Rak,4.73,$124,$778,https://www.airbnb.com.sg/rooms/36535500?adults=3&search_mode=regular_search&check_in=2024-10-04&check_out=2024-10-10&source_impression_id=p3_1721729964_P3h1eY7kB1udSHPU&previous_page_section_name=1000&federated_search_id=5ab298d5-96c8-4f39-9ff4-1793f6addc11
"Flat in แขวง ราชเทวี, เขต ราชเทวี",4.89,$198,"$1,232",https://www.airbnb.com.sg/rooms/976582242139903178?adults=3&search_mode=regular_search&check_in=2024-10-04&check_out=2024-10-10&source_impression_id=p3_1721729964_P3FYhsJ5ZDb7E7ep&previous_page_section_name=1000&federated_search_id=5ab298d5-96c8-4f39-9ff4-1793f6addc11
Flat in Bangkok,4.8,$75,$463,https://www.airbnb.com.sg/rooms/32053288?adults=3&search_mode=regular_search&check_in=2024-10-04&check_out=2024-10-10&source_impression_id=p3_1721729964_P3WM-N0zO9M_IVBB&previous_page_section_name=1000&federated_search_id=5ab298d5-96c8-4f39-9ff4-1793f6addc11
Home in Bangkok,4.85,$158,$983,https://www.airbnb.com.sg/rooms/26341205?adults=3&search_mode=regular_search&check_in=2024-10-04&check_out=2024-10-10&source_impression_id=p3_1721729964_P3M3yWCC5BqAmfOz&previous_page_section_name=1000&federated_search_id=5ab298d5-96c8-4f39-9ff4-1793f6addc11
Place to stay in Khet Thon Buri,4.97,$90,$537,https://www.airbnb.com.sg/rooms/1030303752117165726?adults=3&search_mode=regular_search&check_in=2024-10-04&check_out=2024-10-10&source_impression_id=p3_1721729964_P39MJZ-1nKFMqWTE&previous_page_section_name=1000&federated_search_id=5ab298d5-96c8-4f39-9ff4-1793f6addc11
Apartment in Khet Pathum Wan,4.86,$205,"$1,269",https://www.airbnb.com.sg/rooms/39234543?adults=3&search_mode=regular_search&check_in=2024-10-04&check_out=2024-10-10&source_impression_id=p3_1721729964_P30VtS8MW-wQqqcv&previous_page_section_name=1000&federated_search_id=5ab298d5-96c8-4f39-9ff4-1793f6addc11
Place to stay in Khet Ratchathewi,4.55,$60,$358,https://www.airbnb.com.sg/rooms/16388762?adults=3&search_mode=regular_search&check_in=2024-10-04&check_out=2024-10-10&source_impression_id=p3_1721729964_P38H3Iyh74oOsW9X&previous_page_section_name=1000&federated_search_id=5ab298d5-96c8-4f39-9ff4-1793f6addc11
Room in Khet Pathum Wan,4.92,$124,$747,https://www.airbnb.com.sg/rooms/50105794?adults=3&category_tag=Tag%3A8678&enable_m3_private_room=true&photo_id=1596457447&search_mode=regular_search&check_in=2024-10-04&check_out=2024-10-10&source_impression_id=p3_1721729964_P3y93Eby8lZTTWs9&previous_page_section_name=1000&federated_search_id=5ab298d5-96c8-4f39-9ff4-1793f6addc11
Flat in Bangkok,4.99,$132,$812,https://www.airbnb.com.sg/rooms/18259300?adults=3&search_mode=regular_search&check_in=2024-10-04&check_out=2024-10-10&source_impression_id=p3_1721729964_P3spmQnw-EmlA0JB&previous_page_section_name=1000&federated_search_id=5ab298d5-96c8-4f39-9ff4-1793f6addc11
Townhouse in Khet Bang Rak,4.77,$176,"$1,094",https://www.airbnb.com.sg/rooms/36533467?adults=3&search_mode=regular_search&check_in=2024-10-04&check_out=2024-10-10&source_impression_id=p3_1721729966_P3NOQv3BDVXZMwgK&previous_page_section_name=1000&federated_search_id=03d50f21-c005-4486-b414-a878af5766df
Serviced apartment in Klongtonsai Klongsan,4.72,$50,$315,https://www.airbnb.com.sg/rooms/27035857?adults=3&search_mode=regular_search&check_in=2024-10-04&check_out=2024-10-10&source_impression_id=p3_1721729966_P3hwZcwMZu4a2Pp9&previous_page_section_name=1000&federated_search_id=03d50f21-c005-4486-b414-a878af5766df
Apartment in Watthana,4.72,$95,$599,https://www.airbnb.com.sg/rooms/962892481815736816?adults=3&search_mode=regular_search&check_in=2024-10-04&check_out=2024-10-10&source_impression_id=p3_1721729966_P3Kl9m-sIej-C_rx&previous_page_section_name=1000&federated_search_id=03d50f21-c005-4486-b414-a878af5766df
Flat in Khet Khlong Toei,New,$178,"$1,141",https://www.airbnb.com.sg/rooms/1204271517622519239?adults=3&search_mode=regular_search&check_in=2024-10-04&check_out=2024-10-10&source_impression_id=p3_1721729966_P3fcNIlxu0BIEuuk&previous_page_section_name=1000&federated_search_id=03d50f21-c005-4486-b414-a878af5766df
Flat in Khet Ratchathewi,4.72,$223,"$1,336",https://www.airbnb.com.sg/rooms/970576904184710095?adults=3&search_mode=regular_search&check_in=2024-10-04&check_out=2024-10-10&source_impression_id=p3_1721729966_P3CgqaNiZAZAh_SF&previous_page_section_name=1000&federated_search_id=03d50f21-c005-4486-b414-a878af5766df
Apartment in Khet Watthana,5.0,$118,$705,https://www.airbnb.com.sg/rooms/53333679?adults=3&search_mode=regular_search&check_in=2024-10-04&check_out=2024-10-10&source_impression_id=p3_1721729966_P32HTNCFIAFP8nyA&previous_page_section_name=1000&federated_search_id=03d50f21-c005-4486-b414-a878af5766df
Serviced apartment in Khet Bang Rak,4.92,$182,"$1,111",https://www.airbnb.com.sg/rooms/1082808018234938846?adults=3&search_mode=regular_search&check_in=2024-10-04&check_out=2024-10-10&source_impression_id=p3_1721729966_P3T9S84uaqmUqJeF&previous_page_section_name=1000&federated_search_id=03d50f21-c005-4486-b414-a878af5766df
Flat in Khet Ratchathewi,4.83,$57,$358,https://www.airbnb.com.sg/rooms/890849488196012933?adults=3&search_mode=regular_search&check_in=2024-10-04&check_out=2024-10-10&source_impression_id=p3_1721729966_P3jX5yWCsJYXSUJ8&previous_page_section_name=1000&federated_search_id=03d50f21-c005-4486-b414-a878af5766df
Flat in Bangkok,4.68,$51,$349,https://www.airbnb.com.sg/rooms/29468057?adults=3&search_mode=regular_search&check_in=2024-10-04&check_out=2024-10-10&source_impression_id=p3_1721729966_P3l0FPOHIaC8shX1&previous_page_section_name=1000&federated_search_id=03d50f21-c005-4486-b414-a878af5766df
Flat in Khet Pathum Wan,4.54,$89,$553,https://www.airbnb.com.sg/rooms/1004776104299634313?adults=3&search_mode=regular_search&check_in=2024-10-04&check_out=2024-10-10&source_impression_id=p3_1721729966_P3L-zm_mnPIta1XV&previous_page_section_name=1000&federated_search_id=03d50f21-c005-4486-b414-a878af5766df
Flat in Khet Watthana,4.55,$158,$977,https://www.airbnb.com.sg/rooms/40437872?adults=3&search_mode=regular_search&check_in=2024-10-04&check_out=2024-10-10&source_impression_id=p3_1721729966_P3M6xtbsJbin60wj&previous_page_section_name=1000&federated_search_id=03d50f21-c005-4486-b414-a878af5766df
Flat in Khet Phra Nakhon,4.85,$109,$691,https://www.airbnb.com.sg/rooms/912623052097532633?adults=3&search_mode=regular_search&check_in=2024-10-04&check_out=2024-10-10&source_impression_id=p3_1721729966_P3bb85z2_58UbmkA&previous_page_section_name=1000&federated_search_id=03d50f21-c005-4486-b414-a878af5766df
Townhouse in Khet Pom Prap Sattru Phai,New,$184,"$1,141",https://www.airbnb.com.sg/rooms/1161104000796233620?adults=3&search_mode=regular_search&check_in=2024-10-04&check_out=2024-10-10&source_impression_id=p3_1721729966_P3a3_bPSdjL27RiH&previous_page_section_name=1000&federated_search_id=03d50f21-c005-4486-b414-a878af5766df
Flat in Khet Sathon,New,$136,$845,https://www.airbnb.com.sg/rooms/1182997670004323355?adults=3&search_mode=regular_search&check_in=2024-10-04&check_out=2024-10-10&source_impression_id=p3_1721729966_P3nf_JRPaekDBqn1&previous_page_section_name=1000&federated_search_id=03d50f21-c005-4486-b414-a878af5766df
Guest suite in Khet Bang Rak,4.9,$92,$612,https://www.airbnb.com.sg/rooms/21209134?adults=3&search_mode=regular_search&check_in=2024-10-04&check_out=2024-10-10&source_impression_id=p3_1721729966_P3FbON-XbDvT09U_&previous_page_section_name=1000&federated_search_id=03d50f21-c005-4486-b414-a878af5766df
Flat in Khet Ratchathewi,5.0,$365,"$2,228",https://www.airbnb.com.sg/rooms/843927606017212119?adults=3&search_mode=regular_search&check_in=2024-10-04&check_out=2024-10-10&source_impression_id=p3_1721729966_P3Fp4Nv9TBqodNB2&previous_page_section_name=1000&federated_search_id=03d50f21-c005-4486-b414-a878af5766df
Room in Khet Phra Nakhon,4.77,$115,$733,https://www.airbnb.com.sg/rooms/718450222667993544?adults=3&category_tag=Tag%3A8678&enable_m3_private_room=true&photo_id=1546689987&search_mode=regular_search&check_in=2024-10-04&check_out=2024-10-10&source_impression_id=p3_1721729966_P3SHglb9cxIQpM8m&previous_page_section_name=1000&federated_search_id=03d50f21-c005-4486-b414-a878af5766df
Room in Khet Ratchathewi,4.83,$57,$341,https://www.airbnb.com.sg/rooms/31838328?adults=3&category_tag=Tag%3A8678&enable_m3_private_room=true&photo_id=664691653&search_mode=regular_search&check_in=2024-10-04&check_out=2024-10-10&source_impression_id=p3_1721729966_P3f5yACj3K3j2XtJ&previous_page_section_name=1000&federated_search_id=03d50f21-c005-4486-b414-a878af5766df
Flat in Khet Ratchathewi,4.89,$110,$699,https://www.airbnb.com.sg/rooms/28046574?adults=3&search_mode=regular_search&check_in=2024-10-04&check_out=2024-10-10&source_impression_id=p3_1721729969_P3b3tGa318eLRjFr&previous_page_section_name=1000&federated_search_id=0f8bd3ce-e217-4c9b-985b-1b3deec78520
Flat in Khet Khlong Toei,4.77,$158,$970,https://www.airbnb.com.sg/rooms/1029557512254745223?adults=3&search_mode=regular_search&check_in=2024-10-04&check_out=2024-10-10&source_impression_id=p3_1721729969_P32VnzBCmGeGeXry&previous_page_section_name=1000&federated_search_id=0f8bd3ce-e217-4c9b-985b-1b3deec78520
Home in Khet Samphanthawong,4.67,$140,$874,https://www.airbnb.com.sg/rooms/1151948210749347292?adults=3&search_mode=regular_search&check_in=2024-10-04&check_out=2024-10-10&source_impression_id=p3_1721729969_P3murF95xdqq7qta&previous_page_section_name=1000&federated_search_id=0f8bd3ce-e217-4c9b-985b-1b3deec78520
Flat in Khet Sathon,4.82,$171,"$1,061",https://www.airbnb.com.sg/rooms/837489222788288326?adults=3&search_mode=regular_search&check_in=2024-10-04&check_out=2024-10-10&source_impression_id=p3_1721729969_P3KF54fqIVJhzOI9&previous_page_section_name=1000&federated_search_id=0f8bd3ce-e217-4c9b-985b-1b3deec78520
Flat in Khet Pathum Wan,4.7,$89,$553,https://www.airbnb.com.sg/rooms/971493583984027093?adults=3&search_mode=regular_search&check_in=2024-10-04&check_out=2024-10-10&source_impression_id=p3_1721729969_P3eHXXKE1ERgeCKA&previous_page_section_name=1000&federated_search_id=0f8bd3ce-e217-4c9b-985b-1b3deec78520
Room in Khet Pathum Wan,4.96,$68,$408,https://www.airbnb.com.sg/rooms/974573025524987456?adults=3&category_tag=Tag%3A8678&enable_m3_private_room=true&photo_id=1734691854&search_mode=regular_search&check_in=2024-10-04&check_out=2024-10-10&source_impression_id=p3_1721729969_P3BAFxtWcnyZycDu&previous_page_section_name=1000&federated_search_id=0f8bd3ce-e217-4c9b-985b-1b3deec78520
Apartment in Khet Pathum Wan,4.78,$136,$838,https://www.airbnb.com.sg/rooms/21177746?adults=3&search_mode=regular_search&check_in=2024-10-04&check_out=2024-10-10&source_impression_id=p3_1721729969_P3JlCnsL-WlD633H&previous_page_section_name=1000&federated_search_id=0f8bd3ce-e217-4c9b-985b-1b3deec78520
Flat in Bangkok,4.82,$71,$489,https://www.airbnb.com.sg/rooms/9647994?adults=3&search_mode=regular_search&check_in=2024-10-04&check_out=2024-10-10&source_impression_id=p3_1721729969_P3HCjOqmlVeFRwnO&previous_page_section_name=1000&federated_search_id=0f8bd3ce-e217-4c9b-985b-1b3deec78520
Flat in Khet Pathum Wan,4.88,$176,"$1,114",https://www.airbnb.com.sg/rooms/800991307273021809?adults=3&search_mode=regular_search&check_in=2024-10-04&check_out=2024-10-10&source_impression_id=p3_1721729969_P3q9pezUZYE8jpLJ&previous_page_section_name=1000&federated_search_id=0f8bd3ce-e217-4c9b-985b-1b3deec78520
Apartment in Bang Rak,4.78,$69,$437,https://www.airbnb.com.sg/rooms/39885927?adults=3&search_mode=regular_search&check_in=2024-10-04&check_out=2024-10-10&source_impression_id=p3_1721729969_P3EjubjqLKbO2LeT&previous_page_section_name=1000&federated_search_id=0f8bd3ce-e217-4c9b-985b-1b3deec78520
Flat in Bangkok,4.49,$60,$358,https://www.airbnb.com.sg/rooms/18168586?adults=3&search_mode=regular_search&check_in=2024-10-04&check_out=2024-10-10&source_impression_id=p3_1721729969_P3VCH0Qix8zwdPEr&previous_page_section_name=1000&federated_search_id=0f8bd3ce-e217-4c9b-985b-1b3deec78520
Tiny home in Khet Dusit,4.92,$109,$655,https://www.airbnb.com.sg/rooms/960019216700082927?adults=3&search_mode=regular_search&check_in=2024-10-04&check_out=2024-10-10&source_impression_id=p3_1721729969_P30i8znI85Engm69&previous_page_section_name=1000&federated_search_id=0f8bd3ce-e217-4c9b-985b-1b3deec78520
Flat in Khet Ratchathewi,5.0,$79,$472,https://www.airbnb.com.sg/rooms/1195537977744254800?adults=3&search_mode=regular_search&check_in=2024-10-04&check_out=2024-10-10&source_impression_id=p3_1721729969_P3DXEWqHPbUfVxPv&previous_page_section_name=1000&federated_search_id=0f8bd3ce-e217-4c9b-985b-1b3deec78520
Apartment in Khet Watthana,4.85,$112,$702,https://www.airbnb.com.sg/rooms/566184885757913031?adults=3&search_mode=regular_search&check_in=2024-10-04&check_out=2024-10-10&source_impression_id=p3_1721729969_P3466h-Kk_v3lDdE&previous_page_section_name=1000&federated_search_id=0f8bd3ce-e217-4c9b-985b-1b3deec78520
Townhouse in Khet Khlong San,4.7,$84,$541,https://www.airbnb.com.sg/rooms/41142500?adults=3&search_mode=regular_search&check_in=2024-10-04&check_out=2024-10-10&source_impression_id=p3_1721729969_P3RUBMfq1L1dZ5NZ&previous_page_section_name=1000&federated_search_id=0f8bd3ce-e217-4c9b-985b-1b3deec78520
Flat in Khet Pathum Wan,4.81,$167,"$1,048",https://www.airbnb.com.sg/rooms/1031109516872698620?adults=3&search_mode=regular_search&check_in=2024-10-04&check_out=2024-10-10&source_impression_id=p3_1721729969_P3_4yWPiRwFU3E2A&previous_page_section_name=1000&federated_search_id=0f8bd3ce-e217-4c9b-985b-1b3deec78520
Flat in Bangkok,4.93,$125,$770,https://www.airbnb.com.sg/rooms/13021796?adults=3&search_mode=regular_search&check_in=2024-10-04&check_out=2024-10-10&source_impression_id=p3_1721729969_P3SeJUPIFdRXTt1Z&previous_page_section_name=1000&federated_search_id=0f8bd3ce-e217-4c9b-985b-1b3deec78520
Flat in Ratchathewi,4.9,$66,$407,https://www.airbnb.com.sg/rooms/29174656?adults=3&search_mode=regular_search&check_in=2024-10-04&check_out=2024-10-10&source_impression_id=p3_1721729969_P3b6qPYcLkv-7v5A&previous_page_section_name=1000&federated_search_id=0f8bd3ce-e217-4c9b-985b-1b3deec78520
Flat in Watthana,4.81,$113,$707,https://www.airbnb.com.sg/rooms/979236417241917863?adults=3&search_mode=regular_search&check_in=2024-10-04&check_out=2024-10-10&source_impression_id=p3_1721729971_P3tR6CTXBdMI6t8j&previous_page_section_name=1000&federated_search_id=e0d7e07e-81c3-4f01-ba22-ab8945c89505
Flat in Watthana,New,$183,"$1,123",https://www.airbnb.com.sg/rooms/1177204582350424866?adults=3&search_mode=regular_search&check_in=2024-10-04&check_out=2024-10-10&source_impression_id=p3_1721729972_P3xbRQWIatkH9eaK&previous_page_section_name=1000&federated_search_id=e0d7e07e-81c3-4f01-ba22-ab8945c89505
Home in Khet Sathon,5.0,$84,$552,https://www.airbnb.com.sg/rooms/786852759408061595?adults=3&search_mode=regular_search&check_in=2024-10-04&check_out=2024-10-10&source_impression_id=p3_1721729972_P3zcPfH5mkNB2Fv1&previous_page_section_name=1000&federated_search_id=e0d7e07e-81c3-4f01-ba22-ab8945c89505
Flat in Bang Rak,New,$193,"$1,166",https://www.airbnb.com.sg/rooms/1192484770249509505?adults=3&search_mode=regular_search&check_in=2024-10-04&check_out=2024-10-10&source_impression_id=p3_1721729972_P3mpYwGmJ6B27lLn&previous_page_section_name=1000&federated_search_id=e0d7e07e-81c3-4f01-ba22-ab8945c89505
Hotel room in 曼谷,4.91,$174,"$1,040",https://www.airbnb.com.sg/rooms/28706335?adults=3&search_mode=regular_search&check_in=2024-10-04&check_out=2024-10-10&source_impression_id=p3_1721729972_P3DHbqNudjRoNvk1&previous_page_section_name=1000&federated_search_id=e0d7e07e-81c3-4f01-ba22-ab8945c89505
Room in Khet Phra Nakhon,4.84,$63,$377,https://www.airbnb.com.sg/rooms/33047916?adults=3&category_tag=Tag%3A8678&enable_m3_private_room=true&photo_id=707546796&search_mode=regular_search&check_in=2024-10-04&check_out=2024-10-10&source_impression_id=p3_1721729972_P3abafINEA9ekinG&previous_page_section_name=1000&federated_search_id=e0d7e07e-81c3-4f01-ba22-ab8945c89505
Shipping container in Khet Bang Phlat,4.94,$75,$468,https://www.airbnb.com.sg/rooms/779223105817674457?adults=3&search_mode=regular_search&check_in=2024-10-04&check_out=2024-10-10&source_impression_id=p3_1721729972_P3cLzgAAb0H0zS7j&previous_page_section_name=1000&federated_search_id=e0d7e07e-81c3-4f01-ba22-ab8945c89505
Flat in Bangkok,4.72,$65,$436,https://www.airbnb.com.sg/rooms/16460361?adults=3&search_mode=regular_search&check_in=2024-10-04&check_out=2024-10-10&source_impression_id=p3_1721729972_P3ut-eBF4joUJUW_&previous_page_section_name=1000&federated_search_id=e0d7e07e-81c3-4f01-ba22-ab8945c89505
Flat in Khet Khlong Toei,4.52,$112,$697,https://www.airbnb.com.sg/rooms/36611486?adults=3&search_mode=regular_search&check_in=2024-10-04&check_out=2024-10-10&source_impression_id=p3_1721729972_P3UdSug4-qUBhSw8&previous_page_section_name=1000&federated_search_id=e0d7e07e-81c3-4f01-ba22-ab8945c89505
Flat in Watthana,5.0,$154,$952,https://www.airbnb.com.sg/rooms/1041830650479811117?adults=3&search_mode=regular_search&check_in=2024-10-04&check_out=2024-10-10&source_impression_id=p3_1721729972_P3_hoq90wXm18DRL&previous_page_section_name=1000&federated_search_id=e0d7e07e-81c3-4f01-ba22-ab8945c89505
Flat in Bangkok,4.87,$74,$537,https://www.airbnb.com.sg/rooms/15668008?adults=3&search_mode=regular_search&check_in=2024-10-04&check_out=2024-10-10&source_impression_id=p3_1721729972_P3utWNMA2N2xPcHC&previous_page_section_name=1000&federated_search_id=e0d7e07e-81c3-4f01-ba22-ab8945c89505
Flat in Bangkok,4.86,$155,$958,https://www.airbnb.com.sg/rooms/35252466?adults=3&search_mode=regular_search&check_in=2024-10-04&check_out=2024-10-10&source_impression_id=p3_1721729972_P3og-gfmnamqxvse&previous_page_section_name=1000&federated_search_id=e0d7e07e-81c3-4f01-ba22-ab8945c89505
Apartment in Khet Khlong San,4.97,$58,$371,https://www.airbnb.com.sg/rooms/927919479289457129?adults=3&search_mode=regular_search&check_in=2024-10-04&check_out=2024-10-10&source_impression_id=p3_1721729972_P3u7VyAXzqrx_JS7&previous_page_section_name=1000&federated_search_id=e0d7e07e-81c3-4f01-ba22-ab8945c89505
Serviced apartment in Bangrak,4.87,$164,"$1,005",https://www.airbnb.com.sg/rooms/8640950?adults=3&search_mode=regular_search&check_in=2024-10-04&check_out=2024-10-10&source_impression_id=p3_1721729972_P3bJKeW6X0m9en0n&previous_page_section_name=1000&federated_search_id=e0d7e07e-81c3-4f01-ba22-ab8945c89505
Home in Khet Bang Rak,4.97,$172,"$1,088",https://www.airbnb.com.sg/rooms/33922738?adults=3&search_mode=regular_search&check_in=2024-10-04&check_out=2024-10-10&source_impression_id=p3_1721729972_P3iMR_wX9t3xk3EQ&previous_page_section_name=1000&federated_search_id=e0d7e07e-81c3-4f01-ba22-ab8945c89505
Serviced apartment in Khet Phaya Thai,4.78,$92,$568,https://www.airbnb.com.sg/rooms/42092664?adults=3&search_mode=regular_search&check_in=2024-10-04&check_out=2024-10-10&source_impression_id=p3_1721729972_P30tCmmgh-VFTmt6&previous_page_section_name=1000&federated_search_id=e0d7e07e-81c3-4f01-ba22-ab8945c89505
Home in Khet Khlong San,4.93,$145,$913,https://www.airbnb.com.sg/rooms/930769778058713834?adults=3&search_mode=regular_search&check_in=2024-10-04&check_out=2024-10-10&source_impression_id=p3_1721729972_P3GmYo0Z8LJPDuJw&previous_page_section_name=1000&federated_search_id=e0d7e07e-81c3-4f01-ba22-ab8945c89505
Apartment in กรุงเทพมหานคร,4.62,$144,$918,https://www.airbnb.com.sg/rooms/28025470?adults=3&search_mode=regular_search&check_in=2024-10-04&check_out=2024-10-10&source_impression_id=p3_1721729972_P3Js0P1KsUs2nN06&previous_page_section_name=1000&federated_search_id=e0d7e07e-81c3-4f01-ba22-ab8945c89505
Flat in Khet Bang Phlat,5.0,$53,$388,https://www.airbnb.com.sg/rooms/876482189619156537?adults=3&search_mode=regular_search&check_in=2024-10-04&check_out=2024-10-10&source_impression_id=p3_1721729975_P31WskHoqa1yQBHJ&previous_page_section_name=1000&federated_search_id=2db4f6ca-bd99-48b8-8fb2-076e7ddf7f8a
Townhouse in Bangkok,4.88,$153,$939,https://www.airbnb.com.sg/rooms/20310823?adults=3&search_mode=regular_search&check_in=2024-10-04&check_out=2024-10-10&source_impression_id=p3_1721729975_P3cYIR_hZgY4jq7E&previous_page_section_name=1000&federated_search_id=2db4f6ca-bd99-48b8-8fb2-076e7ddf7f8a
Place to stay in Khet Ratchathewi,4.55,$85,$545,https://www.airbnb.com.sg/rooms/30974735?adults=3&search_mode=regular_search&check_in=2024-10-04&check_out=2024-10-10&source_impression_id=p3_1721729975_P3kXNSJlYjtwacYu&previous_page_section_name=1000&federated_search_id=2db4f6ca-bd99-48b8-8fb2-076e7ddf7f8a
Flat in Khet Bang Rak,5.0,$93,$586,https://www.airbnb.com.sg/rooms/1121320979335753272?adults=3&search_mode=regular_search&check_in=2024-10-04&check_out=2024-10-10&source_impression_id=p3_1721729975_P35i86XSi34F7MwA&previous_page_section_name=1000&federated_search_id=2db4f6ca-bd99-48b8-8fb2-076e7ddf7f8a
Apartment in Khet Watthana,4.85,$168,"$1,038",https://www.airbnb.com.sg/rooms/624225259936181515?adults=3&search_mode=regular_search&check_in=2024-10-04&check_out=2024-10-10&source_impression_id=p3_1721729975_P3hurKYUdEfZyyny&previous_page_section_name=1000&federated_search_id=2db4f6ca-bd99-48b8-8fb2-076e7ddf7f8a
Flat in Khet Khlong Toei,4.7,$155,$960,https://www.airbnb.com.sg/rooms/42524032?adults=3&search_mode=regular_search&check_in=2024-10-04&check_out=2024-10-10&source_impression_id=p3_1721729975_P3IX_S3yk9fSlmua&previous_page_section_name=1000&federated_search_id=2db4f6ca-bd99-48b8-8fb2-076e7ddf7f8a
Flat in Watthana,New,$154,$952,https://www.airbnb.com.sg/rooms/1204500329137805358?adults=3&search_mode=regular_search&check_in=2024-10-04&check_out=2024-10-10&source_impression_id=p3_1721729975_P3cqtgKAKpcLRs0x&previous_page_section_name=1000&federated_search_id=2db4f6ca-bd99-48b8-8fb2-076e7ddf7f8a
Flat in Khet Pom Prap Sattru Phai,4.64,$31,$199,https://www.airbnb.com.sg/rooms/11722665?adults=3&search_mode=regular_search&check_in=2024-10-04&check_out=2024-10-10&source_impression_id=p3_1721729975_P315t7tA7RGI2YYJ&previous_page_section_name=1000&federated_search_id=2db4f6ca-bd99-48b8-8fb2-076e7ddf7f8a
Flat in Khet Bang Phlat,4.46,$53,$388,https://www.airbnb.com.sg/rooms/935905623790961213?adults=3&search_mode=regular_search&check_in=2024-10-04&check_out=2024-10-10&source_impression_id=p3_1721729975_P31_XNFI12V7Zf3L&previous_page_section_name=1000&federated_search_id=2db4f6ca-bd99-48b8-8fb2-076e7ddf7f8a
Flat in Khet Pathum Wan,4.84,$123,$760,https://www.airbnb.com.sg/rooms/885231370326789117?adults=3&search_mode=regular_search&check_in=2024-10-04&check_out=2024-10-10&source_impression_id=p3_1721729975_P3WqWDEFcAnawIWm&previous_page_section_name=1000&federated_search_id=2db4f6ca-bd99-48b8-8fb2-076e7ddf7f8a
Place to stay in Khet Ratchathewi,5.0,$119,$733,https://www.airbnb.com.sg/rooms/1023649428225400875?adults=3&search_mode=regular_search&check_in=2024-10-04&check_out=2024-10-10&source_impression_id=p3_1721729975_P3pT4oyI2ArOasbY&previous_page_section_name=1000&federated_search_id=2db4f6ca-bd99-48b8-8fb2-076e7ddf7f8a
Flat in Bangkok,4.84,$80,$573,https://www.airbnb.com.sg/rooms/15694364?adults=3&search_mode=regular_search&check_in=2024-10-04&check_out=2024-10-10&source_impression_id=p3_1721729975_P3wZwvdF9y9KftTu&previous_page_section_name=1000&federated_search_id=2db4f6ca-bd99-48b8-8fb2-076e7ddf7f8a
Townhouse in Khet Khlong San,4.75,$111,$721,https://www.airbnb.com.sg/rooms/41145056?adults=3&search_mode=regular_search&check_in=2024-10-04&check_out=2024-10-10&source_impression_id=p3_1721729975_P3ZFVBVs9m_6xZya&previous_page_section_name=1000&federated_search_id=2db4f6ca-bd99-48b8-8fb2-076e7ddf7f8a
Flat in Khet Sathon,4.91,$132,$812,https://www.airbnb.com.sg/rooms/20575395?adults=3&search_mode=regular_search&check_in=2024-10-04&check_out=2024-10-10&source_impression_id=p3_1721729975_P3SuWZGcGG1c1C0p&previous_page_section_name=1000&federated_search_id=2db4f6ca-bd99-48b8-8fb2-076e7ddf7f8a
Flat in Watthana,New,$154,$952,https://www.airbnb.com.sg/rooms/1204528173967407104?adults=3&search_mode=regular_search&check_in=2024-10-04&check_out=2024-10-10&source_impression_id=p3_1721729975_P3YPgaNbRqgEUeue&previous_page_section_name=1000&federated_search_id=2db4f6ca-bd99-48b8-8fb2-076e7ddf7f8a
Apartment in Khet Bang Rak,4.33,$70,$423,https://www.airbnb.com.sg/rooms/1171294547253299655?adults=3&search_mode=regular_search&check_in=2024-10-04&check_out=2024-10-10&source_impression_id=p3_1721729975_P3IKxRUNnwQHMkX4&previous_page_section_name=1000&federated_search_id=2db4f6ca-bd99-48b8-8fb2-076e7ddf7f8a
Flat in Khet Khlong Toei,4.82,$75,$485,https://www.airbnb.com.sg/rooms/1114022680633402347?adults=3&search_mode=regular_search&check_in=2024-10-04&check_out=2024-10-10&source_impression_id=p3_1721729975_P3bFG8itIiY8KcHz&previous_page_section_name=1000&federated_search_id=2db4f6ca-bd99-48b8-8fb2-076e7ddf7f8a
Home in Khet Bang Phlat,4.8,$75,$468,https://www.airbnb.com.sg/rooms/779281869526396891?adults=3&search_mode=regular_search&check_in=2024-10-04&check_out=2024-10-10&source_impression_id=p3_1721729978_P3RPHI3tj0cusBhB&previous_page_section_name=1000&federated_search_id=de9d95a2-4922-4348-9665-7fd07a3e9099
Flat in Watthana,New,$154,$952,https://www.airbnb.com.sg/rooms/1204520259188313088?adults=3&search_mode=regular_search&check_in=2024-10-04&check_out=2024-10-10&source_impression_id=p3_1721729978_P3tO6B5lMNQ19hw_&previous_page_section_name=1000&federated_search_id=de9d95a2-4922-4348-9665-7fd07a3e9099
Serviced apartment in Khet Khlong San,4.96,$39,$250,https://www.airbnb.com.sg/rooms/833865630977758248?adults=3&search_mode=regular_search&check_in=2024-10-04&check_out=2024-10-10&source_impression_id=p3_1721729978_P3nyo6ZoQJUerfFn&previous_page_section_name=1000&federated_search_id=de9d95a2-4922-4348-9665-7fd07a3e9099
Flat in Khet Sathon,New,$167,"$1,031",https://www.airbnb.com.sg/rooms/1201089080384882969?adults=3&search_mode=regular_search&check_in=2024-10-04&check_out=2024-10-10&source_impression_id=p3_1721729978_P3qIPcxS9iY4oqM5&previous_page_section_name=1000&federated_search_id=de9d95a2-4922-4348-9665-7fd07a3e9099
Room in Khet Pathum Wan,5.0,$89,$563,https://www.airbnb.com.sg/rooms/889443548529502509?adults=3&category_tag=Tag%3A8678&enable_m3_private_room=true&photo_id=1756275103&search_mode=regular_search&check_in=2024-10-04&check_out=2024-10-10&source_impression_id=p3_1721729978_P3r0rZv_9NqNEjI3&previous_page_section_name=1000&federated_search_id=de9d95a2-4922-4348-9665-7fd07a3e9099
Apartment in Khet Sathon,4.91,$127,$793,https://www.airbnb.com.sg/rooms/710755312296158052?adults=3&search_mode=regular_search&check_in=2024-10-04&check_out=2024-10-10&source_impression_id=p3_1721729978_P3knqxr1khPV-BQb&previous_page_section_name=1000&federated_search_id=de9d95a2-4922-4348-9665-7fd07a3e9099
Flat in Khet Khlong Toei,New,$144,$891,https://www.airbnb.com.sg/rooms/1193940167555077135?adults=3&search_mode=regular_search&check_in=2024-10-04&check_out=2024-10-10&source_impression_id=p3_1721729978_P3IM8cDeW48fzkeV&previous_page_section_name=1000&federated_search_id=de9d95a2-4922-4348-9665-7fd07a3e9099
Townhouse in Khet Ratchathewi,4.38,$66,$420,https://www.airbnb.com.sg/rooms/25474019?adults=3&search_mode=regular_search&check_in=2024-10-04&check_out=2024-10-10&source_impression_id=p3_1721729978_P3q5jOzNBCUkbmrA&previous_page_section_name=1000&federated_search_id=de9d95a2-4922-4348-9665-7fd07a3e9099
Flat in Pathum Wan,4.75,$150,$935,https://www.airbnb.com.sg/rooms/1094029932212915272?adults=3&search_mode=regular_search&check_in=2024-10-04&check_out=2024-10-10&source_impression_id=p3_1721729978_P3vpLMgdAwQZgs0K&previous_page_section_name=1000&federated_search_id=de9d95a2-4922-4348-9665-7fd07a3e9099
Apartment in Khet Pathum Wan,4.7,$211,"$1,301",https://www.airbnb.com.sg/rooms/952682437116277831?adults=3&search_mode=regular_search&check_in=2024-10-04&check_out=2024-10-10&source_impression_id=p3_1721729978_P3HFggYPR53lny_c&previous_page_section_name=1000&federated_search_id=de9d95a2-4922-4348-9665-7fd07a3e9099
Serviced apartment in Khet Bang Rak,4.75,$175,"$1,070",https://www.airbnb.com.sg/rooms/831170151554054386?adults=3&search_mode=regular_search&check_in=2024-10-04&check_out=2024-10-10&source_impression_id=p3_1721729978_P3egWlecxs8LI46O&previous_page_section_name=1000&federated_search_id=de9d95a2-4922-4348-9665-7fd07a3e9099
Flat in Khet Khlong Toei,4.88,$174,"$1,073",https://www.airbnb.com.sg/rooms/852640644073400270?adults=3&search_mode=regular_search&check_in=2024-10-04&check_out=2024-10-10&source_impression_id=p3_1721729978_P3bWKSJVlwBylog5&previous_page_section_name=1000&federated_search_id=de9d95a2-4922-4348-9665-7fd07a3e9099
Place to stay in Khet Phra Nakhon,4.45,$22,$142,https://www.airbnb.com.sg/rooms/936758838194836341?adults=3&search_mode=regular_search&check_in=2024-10-04&check_out=2024-10-10&source_impression_id=p3_1721729978_P3ucqcIIBEpli8mz&previous_page_section_name=1000&federated_search_id=de9d95a2-4922-4348-9665-7fd07a3e9099
Hotel in Khet Phra Nakhon,4.82,$75,$459,https://www.airbnb.com.sg/rooms/44544268?adults=3&search_mode=regular_search&check_in=2024-10-04&check_out=2024-10-10&source_impression_id=p3_1721729978_P33nRIqY_Ws_tG6w&previous_page_section_name=1000&federated_search_id=de9d95a2-4922-4348-9665-7fd07a3e9099
Flat in Watthana,4.8,$154,$952,https://www.airbnb.com.sg/rooms/1033057150906757871?adults=3&search_mode=regular_search&check_in=2024-10-04&check_out=2024-10-10&source_impression_id=p3_1721729978_P38mfqL4dmdyPB0A&previous_page_section_name=1000&federated_search_id=de9d95a2-4922-4348-9665-7fd07a3e9099
Room in Khet Ratchathewi,4.7,$89,$557,https://www.airbnb.com.sg/rooms/30974375?adults=3&category_tag=Tag%3A8678&enable_m3_private_room=true&photo_id=639848434&search_mode=regular_search&check_in=2024-10-04&check_out=2024-10-10&source_impression_id=p3_1721729978_P3qCSAHKVPbOqsVF&previous_page_section_name=1000&federated_search_id=de9d95a2-4922-4348-9665-7fd07a3e9099
Flat in Khet Pom Prap Sattru Phai,4.73,$58,$389,https://www.airbnb.com.sg/rooms/783988796443111296?adults=3&search_mode=regular_search&check_in=2024-10-04&check_out=2024-10-10&source_impression_id=p3_1721729978_P3mL2B3TqQxNZnWh&previous_page_section_name=1000&federated_search_id=de9d95a2-4922-4348-9665-7fd07a3e9099
Loft in Khet Phra Nakhon,4.81,$69,$427,https://www.airbnb.com.sg/rooms/743921178409135745?adults=3&search_mode=regular_search&check_in=2024-10-04&check_out=2024-10-10&source_impression_id=p3_1721729978_P35rKo1TtCsGRFEC&previous_page_section_name=1000&federated_search_id=de9d95a2-4922-4348-9665-7fd07a3e9099
Home in Khet Phaya Thai,4.96,$167,"$1,057",https://www.airbnb.com.sg/rooms/40097562?adults=3&search_mode=regular_search&check_in=2024-10-04&check_out=2024-10-10&source_impression_id=p3_1721729980_P3ifni2rvjYPQ0Cp&previous_page_section_name=1000&federated_search_id=489bdbc5-8fb6-4745-8f59-817ee8c95d08
Home in Khet Pom Prap Sattru Phai,4.75,$134,$811,https://www.airbnb.com.sg/rooms/1075091519986170720?adults=3&search_mode=regular_search&check_in=2024-10-04&check_out=2024-10-10&source_impression_id=p3_1721729981_P3pq0hlPnf3GcBvi&previous_page_section_name=1000&federated_search_id=489bdbc5-8fb6-4745-8f59-817ee8c95d08
Boutique hotel in Khet Ratchathewi,4.72,$83,$513,https://www.airbnb.com.sg/rooms/39886353?adults=3&search_mode=regular_search&check_in=2024-10-04&check_out=2024-10-10&source_impression_id=p3_1721729981_P3ZHTN-nYyt4WHBM&previous_page_section_name=1000&federated_search_id=489bdbc5-8fb6-4745-8f59-817ee8c95d08
Flat in Khet Ratchathewi,4.94,$109,$655,https://www.airbnb.com.sg/rooms/742517501148223294?adults=3&search_mode=regular_search&check_in=2024-10-04&check_out=2024-10-10&source_impression_id=p3_1721729981_P3-hdAkwS-TDVXcK&previous_page_section_name=1000&federated_search_id=489bdbc5-8fb6-4745-8f59-817ee8c95d08
Flat in Watthana,New,$154,$952,https://www.airbnb.com.sg/rooms/1190389728790199314?adults=3&search_mode=regular_search&check_in=2024-10-04&check_out=2024-10-10&source_impression_id=p3_1721729981_P34j3g-p7imVJyPH&previous_page_section_name=1000&federated_search_id=489bdbc5-8fb6-4745-8f59-817ee8c95d08
Apartment in Bangkok,4.56,$105,$631,https://www.airbnb.com.sg/rooms/13009315?adults=3&search_mode=regular_search&check_in=2024-10-04&check_out=2024-10-10&source_impression_id=p3_1721729981_P3sVQu8FGnL3pB_b&previous_page_section_name=1000&federated_search_id=489bdbc5-8fb6-4745-8f59-817ee8c95d08
Flat in Bangkok,4.9,$105,$661,https://www.airbnb.com.sg/rooms/22054377?adults=3&search_mode=regular_search&check_in=2024-10-04&check_out=2024-10-10&source_impression_id=p3_1721729981_P3XAyDo83DdoLtk7&previous_page_section_name=1000&federated_search_id=489bdbc5-8fb6-4745-8f59-817ee8c95d08
Flat in Khet Pom Prap Sattru Phai,4.87,$88,$541,https://www.airbnb.com.sg/rooms/38442651?adults=3&search_mode=regular_search&check_in=2024-10-04&check_out=2024-10-10&source_impression_id=p3_1721729981_P3p0G5qCRWIqr8_K&previous_page_section_name=1000&federated_search_id=489bdbc5-8fb6-4745-8f59-817ee8c95d08
Flat in เขตราชเทวี,4.82,$126,$791,https://www.airbnb.com.sg/rooms/38059497?adults=3&search_mode=regular_search&check_in=2024-10-04&check_out=2024-10-10&source_impression_id=p3_1721729981_P3MMW8N73RtAdPFs&previous_page_section_name=1000&federated_search_id=489bdbc5-8fb6-4745-8f59-817ee8c95d08
Serviced apartment in Bangkok,4.77,$54,$346,https://www.airbnb.com.sg/rooms/27036741?adults=3&search_mode=regular_search&check_in=2024-10-04&check_out=2024-10-10&source_impression_id=p3_1721729981_P301NaTWMhasWPjo&previous_page_section_name=1000&federated_search_id=489bdbc5-8fb6-4745-8f59-817ee8c95d08
Apartment in Bangkok,4.91,$181,"$1,088",https://www.airbnb.com.sg/rooms/1887544?adults=3&search_mode=regular_search&check_in=2024-10-04&check_out=2024-10-10&source_impression_id=p3_1721729981_P3RteYEjsVoxFslJ&previous_page_section_name=1000&federated_search_id=489bdbc5-8fb6-4745-8f59-817ee8c95d08
Flat in Khet Bang Rak,5.0,$115,$731,https://www.airbnb.com.sg/rooms/1124670222254021281?adults=3&search_mode=regular_search&check_in=2024-10-04&check_out=2024-10-10&source_impression_id=p3_1721729981_P3XnpqQqGwyrZu40&previous_page_section_name=1000&federated_search_id=489bdbc5-8fb6-4745-8f59-817ee8c95d08
Flat in Khet Sathon,New,$167,"$1,031",https://www.airbnb.com.sg/rooms/1201116533827414004?adults=3&search_mode=regular_search&check_in=2024-10-04&check_out=2024-10-10&source_impression_id=p3_1721729981_P33ToQRrO4qHG6B8&previous_page_section_name=1000&federated_search_id=489bdbc5-8fb6-4745-8f59-817ee8c95d08
Flat in Khet Ratchathewi,4.64,$240,"$1,438",https://www.airbnb.com.sg/rooms/977973789409057950?adults=3&search_mode=regular_search&check_in=2024-10-04&check_out=2024-10-10&source_impression_id=p3_1721729981_P3nO9wiLpLmCWfDl&previous_page_section_name=1000&federated_search_id=489bdbc5-8fb6-4745-8f59-817ee8c95d08
Flat in Watthana,4.88,$157,$972,https://www.airbnb.com.sg/rooms/1158964697213278180?adults=3&search_mode=regular_search&check_in=2024-10-04&check_out=2024-10-10&source_impression_id=p3_1721729981_P307SUw0ypqVXuXI&previous_page_section_name=1000&federated_search_id=489bdbc5-8fb6-4745-8f59-817ee8c95d08
Apartment in Bangkok,4.83,$181,"$1,088",https://www.airbnb.com.sg/rooms/1302302?adults=3&search_mode=regular_search&check_in=2024-10-04&check_out=2024-10-10&source_impression_id=p3_1721729981_P3VJ9LmWegPjZe5A&previous_page_section_name=1000&federated_search_id=489bdbc5-8fb6-4745-8f59-817ee8c95d08
Flat in Khet Bang Rak,New,$291,"$1,747",https://www.airbnb.com.sg/rooms/1185486724044705363?adults=3&search_mode=regular_search&check_in=2024-10-04&check_out=2024-10-10&source_impression_id=p3_1721729981_P3w1MNHFMhdbrmxz&previous_page_section_name=1000&federated_search_id=489bdbc5-8fb6-4745-8f59-817ee8c95d08
Serviced apartment in Khet Bang Rak,4.78,$159,$977,https://www.airbnb.com.sg/rooms/611012534767063851?adults=3&search_mode=regular_search&check_in=2024-10-04&check_out=2024-10-10&source_impression_id=p3_1721729981_P3DEjUfQi6Hzc6oX&previous_page_section_name=1000&federated_search_id=489bdbc5-8fb6-4745-8f59-817ee8c95d08
Flat in Watthana,5.0,$79,$498,https://www.airbnb.com.sg/rooms/1157351316171841925?adults=3&search_mode=regular_search&check_in=2024-10-04&check_out=2024-10-10&source_impression_id=p3_1721729983_P34gMvVLFliDHUzq&previous_page_section_name=1000&federated_search_id=276b7411-d6c6-43ce-8a0e-94d02e131f5d
Flat in Watthana,5.0,$122,$733,https://www.airbnb.com.sg/rooms/1162872505727100640?adults=3&search_mode=regular_search&check_in=2024-10-04&check_out=2024-10-10&source_impression_id=p3_1721729984_P34jWC5nlQjxSELu&previous_page_section_name=1000&federated_search_id=276b7411-d6c6-43ce-8a0e-94d02e131f5d
Flat in Khet Pathum Wan,4.88,$106,$652,https://www.airbnb.com.sg/rooms/1029602900203387358?adults=3&search_mode=regular_search&check_in=2024-10-04&check_out=2024-10-10&source_impression_id=p3_1721729984_P3AQH6-7swJJz99s&previous_page_section_name=1000&federated_search_id=276b7411-d6c6-43ce-8a0e-94d02e131f5d
Hotel room in Ratchathewi,4.97,$119,$713,https://www.airbnb.com.sg/rooms/595125485157952676?adults=3&search_mode=regular_search&check_in=2024-10-04&check_out=2024-10-10&source_impression_id=p3_1721729984_P3HTATqix18HKb_O&previous_page_section_name=1000&federated_search_id=276b7411-d6c6-43ce-8a0e-94d02e131f5d
Flat in Khet Ratchathewi,4.84,$59,$370,https://www.airbnb.com.sg/rooms/22996329?adults=3&search_mode=regular_search&check_in=2024-10-04&check_out=2024-10-10&source_impression_id=p3_1721729984_P3Tgd2KnHEWk2KtP&previous_page_section_name=1000&federated_search_id=276b7411-d6c6-43ce-8a0e-94d02e131f5d
Flat in Khet Khlong Toei,4.86,$178,"$1,106",https://www.airbnb.com.sg/rooms/838268771085087627?adults=3&search_mode=regular_search&check_in=2024-10-04&check_out=2024-10-10&source_impression_id=p3_1721729984_P3NK3ExcDygLb3lP&previous_page_section_name=1000&federated_search_id=276b7411-d6c6-43ce-8a0e-94d02e131f5d
Hostel in Khet Bang Rak,4.52,$32,$191,https://www.airbnb.com.sg/rooms/31764152?adults=3&search_mode=regular_search&check_in=2024-10-04&check_out=2024-10-10&source_impression_id=p3_1721729984_P3vn9p3T1eOuoeeQ&previous_page_section_name=1000&federated_search_id=276b7411-d6c6-43ce-8a0e-94d02e131f5d
Home in Phra Nakhon,4.91,$111,$668,https://www.airbnb.com.sg/rooms/1086836005515839741?adults=3&search_mode=regular_search&check_in=2024-10-04&check_out=2024-10-10&source_impression_id=p3_1721729984_P3ZSArgxuOsDYXIA&previous_page_section_name=1000&federated_search_id=276b7411-d6c6-43ce-8a0e-94d02e131f5d
Loft in Chana Songkhram,4.82,$64,$393,https://www.airbnb.com.sg/rooms/1043368496323303334?adults=3&search_mode=regular_search&check_in=2024-10-04&check_out=2024-10-10&source_impression_id=p3_1721729984_P3bMfNcZBfsoKHlo&previous_page_section_name=1000&federated_search_id=276b7411-d6c6-43ce-8a0e-94d02e131f5d
Flat in Bangkok,4.83,$65,$436,https://www.airbnb.com.sg/rooms/16459858?adults=3&search_mode=regular_search&check_in=2024-10-04&check_out=2024-10-10&source_impression_id=p3_1721729984_P3smuOdcQeCkQR_U&previous_page_section_name=1000&federated_search_id=276b7411-d6c6-43ce-8a0e-94d02e131f5d
Flat in Khet Khlong Toei,4.52,$142,$881,https://www.airbnb.com.sg/rooms/1137474005022407827?adults=3&search_mode=regular_search&check_in=2024-10-04&check_out=2024-10-10&source_impression_id=p3_1721729984_P3vg9xLQDGFx_lZa&previous_page_section_name=1000&federated_search_id=276b7411-d6c6-43ce-8a0e-94d02e131f5d
Flat in Khet Sathon,4.53,$88,$563,https://www.airbnb.com.sg/rooms/53452556?adults=3&search_mode=regular_search&check_in=2024-10-04&check_out=2024-10-10&source_impression_id=p3_1721729984_P3dxaDJsoHZ_5W78&previous_page_section_name=1000&federated_search_id=276b7411-d6c6-43ce-8a0e-94d02e131f5d
Flat in Bangkok,4.85,$74,$537,https://www.airbnb.com.sg/rooms/16197838?adults=3&search_mode=regular_search&check_in=2024-10-04&check_out=2024-10-10&source_impression_id=p3_1721729984_P3AUXHn2idciWQMi&previous_page_section_name=1000&federated_search_id=276b7411-d6c6-43ce-8a0e-94d02e131f5d
Apartment in Khet Sathon,4.83,$156,$964,https://www.airbnb.com.sg/rooms/1016549907102089581?adults=3&search_mode=regular_search&check_in=2024-10-04&check_out=2024-10-10&source_impression_id=p3_1721729984_P3RKfrGjC9QGkV_I&previous_page_section_name=1000&federated_search_id=276b7411-d6c6-43ce-8a0e-94d02e131f5d
Flat in Khet Pathum Wan,4.93,$132,$812,https://www.airbnb.com.sg/rooms/880689314429889183?adults=3&search_mode=regular_search&check_in=2024-10-04&check_out=2024-10-10&source_impression_id=p3_1721729984_P3bUvOrEVRJ5mAwO&previous_page_section_name=1000&federated_search_id=276b7411-d6c6-43ce-8a0e-94d02e131f5d
Hotel room in Khet Bang Rak,4.7,$172,"$1,034",https://www.airbnb.com.sg/rooms/28263438?adults=3&search_mode=regular_search&check_in=2024-10-04&check_out=2024-10-10&source_impression_id=p3_1721729984_P3Ae0zsiiliSnwu1&previous_page_section_name=1000&federated_search_id=276b7411-d6c6-43ce-8a0e-94d02e131f5d
Flat in Khet Khlong San,5.0,$60,$383,https://www.airbnb.com.sg/rooms/1147036189715314136?adults=3&search_mode=regular_search&check_in=2024-10-04&check_out=2024-10-10&source_impression_id=p3_1721729984_P38XdPrUUX8Dhro2&previous_page_section_name=1000&federated_search_id=276b7411-d6c6-43ce-8a0e-94d02e131f5d
Flat in Khet Sathon,4.84,$74,$444,https://www.airbnb.com.sg/rooms/28758495?adults=3&search_mode=regular_search&check_in=2024-10-04&check_out=2024-10-10&source_impression_id=p3_1721729984_P3GOm9-ipPD740xo&previous_page_section_name=1000&federated_search_id=276b7411-d6c6-43ce-8a0e-94d02e131f5d
Serviced apartment in Khet Watthana,4.3,$123,$770,https://www.airbnb.com.sg/rooms/22963172?adults=3&search_mode=regular_search&check_in=2024-10-04&check_out=2024-10-10&source_impression_id=p3_1721729987_P35nMgk9ccH8YHJ6&previous_page_section_name=1000&federated_search_id=c5a51f66-e3a8-4979-b235-97e33c25d079
Townhouse in Khet Ratchathewi,4.98,$184,"$1,101",https://www.airbnb.com.sg/rooms/39929294?adults=3&search_mode=regular_search&check_in=2024-10-04&check_out=2024-10-10&source_impression_id=p3_1721729987_P315hV9kNs-o_glF&previous_page_section_name=1000&federated_search_id=c5a51f66-e3a8-4979-b235-97e33c25d079
Apartment in Khet Bang Rak,4.88,$131,$826,https://www.airbnb.com.sg/rooms/981656806666483175?adults=3&search_mode=regular_search&check_in=2024-10-04&check_out=2024-10-10&source_impression_id=p3_1721729987_P36SrlP52_lqMPun&previous_page_section_name=1000&federated_search_id=c5a51f66-e3a8-4979-b235-97e33c25d079
Flat in Ratchathewi,4.67,$88,$559,https://www.airbnb.com.sg/rooms/1108477224371020830?adults=3&search_mode=regular_search&check_in=2024-10-04&check_out=2024-10-10&source_impression_id=p3_1721729987_P3ew-jTB6PN4a7M5&previous_page_section_name=1000&federated_search_id=c5a51f66-e3a8-4979-b235-97e33c25d079
Flat in Bang Rak,4.85,$139,$836,https://www.airbnb.com.sg/rooms/1062620630310808443?adults=3&search_mode=regular_search&check_in=2024-10-04&check_out=2024-10-10&source_impression_id=p3_1721729987_P3yU3t15YLos5EEn&previous_page_section_name=1000&federated_search_id=c5a51f66-e3a8-4979-b235-97e33c25d079
Flat in Khet Khlong Toei,4.84,$166,"$1,070",https://www.airbnb.com.sg/rooms/1093391788201296643?adults=3&search_mode=regular_search&check_in=2024-10-04&check_out=2024-10-10&source_impression_id=p3_1721729987_P3BxsbXxZuhAEAYK&previous_page_section_name=1000&federated_search_id=c5a51f66-e3a8-4979-b235-97e33c25d079
Room in Bangkok,4.72,$86,$522,https://www.airbnb.com.sg/rooms/7341294?adults=3&category_tag=Tag%3A8678&enable_m3_private_room=true&photo_id=1638446461&search_mode=regular_search&check_in=2024-10-04&check_out=2024-10-10&source_impression_id=p3_1721729987_P3f0MxYfBZqRzk8f&previous_page_section_name=1000&federated_search_id=c5a51f66-e3a8-4979-b235-97e33c25d079
Flat in Khet Khlong Toei,4.8,$72,$463,https://www.airbnb.com.sg/rooms/796265144845014811?adults=3&search_mode=regular_search&check_in=2024-10-04&check_out=2024-10-10&source_impression_id=p3_1721729987_P3-ZSr7iNmOxLNdf&previous_page_section_name=1000&federated_search_id=c5a51f66-e3a8-4979-b235-97e33c25d079
Place to stay in Khet Ratchathewi,4.77,$77,$472,https://www.airbnb.com.sg/rooms/33895941?adults=3&search_mode=regular_search&check_in=2024-10-04&check_out=2024-10-10&source_impression_id=p3_1721729987_P3TfxIijyDHWQmHB&previous_page_section_name=1000&federated_search_id=c5a51f66-e3a8-4979-b235-97e33c25d079
Apartment in Khet Khlong Toei,4.71,$71,$446,https://www.airbnb.com.sg/rooms/36795192?adults=3&search_mode=regular_search&check_in=2024-10-04&check_out=2024-10-10&source_impression_id=p3_1721729987_P3-BgG7CJuKevNcn&previous_page_section_name=1000&federated_search_id=c5a51f66-e3a8-4979-b235-97e33c25d079
Flat in Khet Sathon,4.91,$77,$460,https://www.airbnb.com.sg/rooms/30676626?adults=3&search_mode=regular_search&check_in=2024-10-04&check_out=2024-10-10&source_impression_id=p3_1721729987_P3J9q3G0c0huOQFn&previous_page_section_name=1000&federated_search_id=c5a51f66-e3a8-4979-b235-97e33c25d079
Apartment in Khet Watthana,4.84,$148,$919,https://www.airbnb.com.sg/rooms/37346907?adults=3&search_mode=regular_search&check_in=2024-10-04&check_out=2024-10-10&source_impression_id=p3_1721729987_P3Rj0m-kwUvi7j6M&previous_page_section_name=1000&federated_search_id=c5a51f66-e3a8-4979-b235-97e33c25d079
Place to stay in Khet Ratchathewi,5.0,$110,$681,https://www.airbnb.com.sg/rooms/1023630137658195490?adults=3&search_mode=regular_search&check_in=2024-10-04&check_out=2024-10-10&source_impression_id=p3_1721729987_P3PL9vJp2UH8RtA9&previous_page_section_name=1000&federated_search_id=c5a51f66-e3a8-4979-b235-97e33c25d079
Home in Khet Phra Nakhon,4.76,$88,$549,https://www.airbnb.com.sg/rooms/41119126?adults=3&search_mode=regular_search&check_in=2024-10-04&check_out=2024-10-10&source_impression_id=p3_1721729987_P33CZ7XiN9Zp__hi&previous_page_section_name=1000&federated_search_id=c5a51f66-e3a8-4979-b235-97e33c25d079
Hotel in Khet Sathon,4.33,$170,"$1,033",https://www.airbnb.com.sg/rooms/779389998779146124?adults=3&search_mode=regular_search&check_in=2024-10-04&check_out=2024-10-10&source_impression_id=p3_1721729987_P3KsIO7WTlhNB-Qo&previous_page_section_name=1000&federated_search_id=c5a51f66-e3a8-4979-b235-97e33c25d079
Flat in Bangrak,4.65,$124,$778,https://www.airbnb.com.sg/rooms/840048981500637008?adults=3&search_mode=regular_search&check_in=2024-10-04&check_out=2024-10-10&source_impression_id=p3_1721729987_P3xWgT5dCf0DYpxV&previous_page_section_name=1000&federated_search_id=c5a51f66-e3a8-4979-b235-97e33c25d079
Flat in Pathum Wan,New,$149,$894,https://www.airbnb.com.sg/rooms/1197512821123098357?adults=3&search_mode=regular_search&check_in=2024-10-04&check_out=2024-10-10&source_impression_id=p3_1721729987_P32AYmGHpeUgQPb7&previous_page_section_name=1000&federated_search_id=c5a51f66-e3a8-4979-b235-97e33c25d079
Flat in Khet Khlong Toei,4.72,$72,$456,https://www.airbnb.com.sg/rooms/39347263?adults=3&search_mode=regular_search&check_in=2024-10-04&check_out=2024-10-10&source_impression_id=p3_1721729987_P3oSpmQouITC9wCf&previous_page_section_name=1000&federated_search_id=c5a51f66-e3a8-4979-b235-97e33c25d079
